{
	"credit": "Made with Blockbench",
	"textures": {
		"0": "items/spring",
		"1": "items/metal_word",
		"2": "items/Deagle",
		"3": "items/Deagle_grip",
		"particle": "items/spring"
	},
	"elements": [
		{
			"from": [8.5, 15.875, -9.3125],
			"to": [8.75, 16.75, -7.3125],
			"faces": {
				"north": {"uv": [9, 12, 16, 16], "texture": "#2"},
				"east": {"uv": [9, 12, 16, 16], "texture": "#2"},
				"south": {"uv": [10, 12, 16, 16], "texture": "#2"},
				"west": {"uv": [10, 12, 16, 16], "texture": "#2"},
				"up": {"uv": [9, 12, 16, 16], "texture": "#2"},
				"down": {"uv": [10, 13, 16, 16], "texture": "#2"}
			}
		},
		{
			"from": [8.5, 16.3125, -9.5],
			"to": [8.75, 16.75, -9],
			"faces": {
				"north": {"uv": [9, 12, 16, 16], "texture": "#2"},
				"east": {"uv": [9, 12, 16, 16], "texture": "#2"},
				"south": {"uv": [10, 12, 16, 16], "texture": "#2"},
				"west": {"uv": [10, 12, 16, 16], "texture": "#2"},
				"up": {"uv": [9, 12, 16, 16], "texture": "#2"},
				"down": {"uv": [10, 13, 16, 16], "texture": "#2"}
			}
		},
		{
			"from": [8.5, 15.9375, -9.4375],
			"to": [8.75, 16.4375, -8.9375],
			"rotation": {"angle": -22.5, "axis": "x", "origin": [8.625, 16.21875, -9.25]},
			"faces": {
				"north": {"uv": [9, 12, 16, 16], "texture": "#2"},
				"east": {"uv": [9, 12, 16, 16], "texture": "#2"},
				"south": {"uv": [10, 12, 16, 16], "texture": "#2"},
				"west": {"uv": [10, 12, 16, 16], "texture": "#2"},
				"up": {"uv": [9, 12, 16, 16], "texture": "#2"},
				"down": {"uv": [10, 13, 16, 16], "texture": "#2"}
			}
		},
		{
			"from": [7.6875, 15.9375, -9.4375],
			"to": [7.9375, 16.4375, -8.9375],
			"rotation": {"angle": -22.5, "axis": "x", "origin": [8.625, 16.21875, -9.25]},
			"faces": {
				"north": {"uv": [9, 12, 16, 16], "texture": "#2"},
				"east": {"uv": [9, 12, 16, 16], "texture": "#2"},
				"south": {"uv": [10, 12, 16, 16], "texture": "#2"},
				"west": {"uv": [10, 12, 16, 16], "texture": "#2"},
				"up": {"uv": [9, 12, 16, 16], "texture": "#2"},
				"down": {"uv": [10, 13, 16, 16], "texture": "#2"}
			}
		},
		{
			"from": [7.6875, 16.3125, -9.5],
			"to": [7.9375, 16.75, -9],
			"faces": {
				"north": {"uv": [9, 12, 16, 16], "texture": "#2"},
				"east": {"uv": [9, 12, 16, 16], "texture": "#2"},
				"south": {"uv": [10, 12, 16, 16], "texture": "#2"},
				"west": {"uv": [10, 12, 16, 16], "texture": "#2"},
				"up": {"uv": [9, 12, 16, 16], "texture": "#2"},
				"down": {"uv": [10, 13, 16, 16], "texture": "#2"}
			}
		},
		{
			"from": [8.5, 16.375, -7.3125],
			"to": [8.75, 16.75, -2.375],
			"faces": {
				"north": {"uv": [9, 12, 16, 16], "texture": "#2"},
				"east": {"uv": [9, 12, 16, 16], "texture": "#2"},
				"south": {"uv": [10, 12, 16, 16], "texture": "#2"},
				"west": {"uv": [10, 12, 16, 16], "texture": "#2"},
				"up": {"uv": [9, 12, 16, 16], "texture": "#2"},
				"down": {"uv": [10, 13, 16, 16], "texture": "#2"}
			}
		},
		{
			"from": [7.8125, 15.875, -7.3125],
			"to": [7.9375, 16.375, -2.375],
			"faces": {
				"north": {"uv": [9, 12, 16, 16], "texture": "#2"},
				"east": {"uv": [9, 12, 16, 16], "texture": "#2"},
				"south": {"uv": [10, 12, 16, 16], "texture": "#2"},
				"west": {"uv": [10, 12, 16, 16], "texture": "#2"},
				"up": {"uv": [9, 12, 16, 16], "texture": "#2"},
				"down": {"uv": [10, 13, 16, 16], "texture": "#2"}
			}
		},
		{
			"from": [8.5, 15.875, -7.3125],
			"to": [8.625, 16.375, -2.375],
			"faces": {
				"north": {"uv": [9, 12, 16, 16], "texture": "#2"},
				"east": {"uv": [9, 12, 16, 16], "texture": "#2"},
				"south": {"uv": [10, 12, 16, 16], "texture": "#2"},
				"west": {"uv": [10, 12, 16, 16], "texture": "#2"},
				"up": {"uv": [9, 12, 16, 16], "texture": "#2"},
				"down": {"uv": [10, 13, 16, 16], "texture": "#2"}
			}
		},
		{
			"from": [8.625, 15.875, -2.375],
			"to": [8.8125, 17, 0.875],
			"faces": {
				"north": {"uv": [9, 12, 16, 16], "texture": "#2"},
				"east": {"uv": [9, 12, 16, 16], "texture": "#2"},
				"south": {"uv": [10, 12, 16, 16], "texture": "#2"},
				"west": {"uv": [10, 12, 16, 16], "texture": "#2"},
				"up": {"uv": [9, 12, 16, 16], "texture": "#2"},
				"down": {"uv": [10, 13, 16, 16], "texture": "#2"}
			}
		},
		{
			"from": [7.625, 15.875, -2.375],
			"to": [7.8125, 17, 0.875],
			"faces": {
				"north": {"uv": [9, 12, 16, 16], "texture": "#2"},
				"east": {"uv": [9, 12, 16, 16], "texture": "#2"},
				"south": {"uv": [10, 12, 16, 16], "texture": "#2"},
				"west": {"uv": [10, 12, 16, 16], "texture": "#2"},
				"up": {"uv": [9, 12, 16, 16], "texture": "#2"},
				"down": {"uv": [10, 13, 16, 16], "texture": "#2"}
			}
		},
		{
			"from": [7.6875, 16.375, -7.3125],
			"to": [7.9375, 16.75, -2.375],
			"faces": {
				"north": {"uv": [9, 12, 16, 16], "texture": "#2"},
				"east": {"uv": [9, 12, 16, 16], "texture": "#2"},
				"south": {"uv": [10, 12, 16, 16], "texture": "#2"},
				"west": {"uv": [10, 12, 16, 16], "texture": "#2"},
				"up": {"uv": [9, 12, 16, 16], "texture": "#2"},
				"down": {"uv": [10, 13, 16, 16], "texture": "#2"}
			}
		},
		{
			"from": [7.6875, 15.875, -9.3125],
			"to": [7.9375, 16.75, -7.3125],
			"faces": {
				"north": {"uv": [9, 12, 16, 16], "texture": "#2"},
				"east": {"uv": [9, 12, 16, 16], "texture": "#2"},
				"south": {"uv": [10, 12, 16, 16], "texture": "#2"},
				"west": {"uv": [10, 12, 16, 16], "texture": "#2"},
				"up": {"uv": [9, 12, 16, 16], "texture": "#2"},
				"down": {"uv": [10, 13, 16, 16], "texture": "#2"}
			}
		},
		{
			"from": [7.75, 16.75, -9.5],
			"to": [8.6875, 17, -2.375],
			"rotation": {"angle": 0, "axis": "z", "origin": [7.8125, 17.125, -8.8125]},
			"faces": {
				"north": {"uv": [9, 12, 16, 16], "rotation": 270, "texture": "#2"},
				"east": {"uv": [9, 12, 16, 16], "rotation": 90, "texture": "#2"},
				"south": {"uv": [10, 12, 16, 16], "rotation": 90, "texture": "#2"},
				"west": {"uv": [10, 12, 16, 16], "rotation": 90, "texture": "#2"},
				"up": {"uv": [9, 12, 16, 16], "rotation": 90, "texture": "#2"},
				"down": {"uv": [10, 13, 16, 16], "rotation": 90, "texture": "#2"}
			}
		},
		{
			"from": [7.75, 16.9375, -2.375],
			"to": [8.6875, 17.25, 0.875],
			"rotation": {"angle": 0, "axis": "z", "origin": [7.8125, 17.125, -8.8125]},
			"faces": {
				"north": {"uv": [9, 12, 16, 16], "rotation": 270, "texture": "#2"},
				"east": {"uv": [9, 12, 16, 16], "rotation": 90, "texture": "#2"},
				"south": {"uv": [10, 12, 16, 16], "rotation": 90, "texture": "#2"},
				"west": {"uv": [10, 12, 16, 16], "rotation": 90, "texture": "#2"},
				"up": {"uv": [9, 12, 16, 16], "rotation": 90, "texture": "#2"},
				"down": {"uv": [10, 13, 16, 16], "rotation": 90, "texture": "#2"}
			}
		},
		{
			"from": [7.75, 16.9375, -2.5],
			"to": [8.6875, 17.25, -2.25],
			"rotation": {"angle": -45, "axis": "x", "origin": [8.21875, 17.09375, -2.25]},
			"faces": {
				"north": {"uv": [9, 12, 16, 16], "rotation": 270, "texture": "#2"},
				"east": {"uv": [9, 12, 16, 16], "rotation": 90, "texture": "#2"},
				"south": {"uv": [10, 12, 16, 16], "rotation": 90, "texture": "#2"},
				"west": {"uv": [10, 12, 16, 16], "rotation": 90, "texture": "#2"},
				"up": {"uv": [9, 12, 16, 16], "rotation": 90, "texture": "#2"},
				"down": {"uv": [10, 13, 16, 16], "rotation": 90, "texture": "#2"}
			}
		},
		{
			"from": [8.34375, 15.9375, -2.78125],
			"to": [8.59375, 16.875, -2.46875],
			"rotation": {"angle": -45, "axis": "y", "origin": [8.21875, 17.09375, -2.25]},
			"faces": {
				"north": {"uv": [9, 12, 16, 16], "rotation": 180, "texture": "#2"},
				"east": {"uv": [9, 12, 16, 16], "rotation": 180, "texture": "#2"},
				"south": {"uv": [10, 12, 16, 16], "rotation": 180, "texture": "#2"},
				"west": {"uv": [10, 12, 16, 16], "rotation": 180, "texture": "#2"},
				"up": {"uv": [9, 12, 16, 16], "rotation": 90, "texture": "#2"},
				"down": {"uv": [10, 13, 16, 16], "rotation": 270, "texture": "#2"}
			}
		},
		{
			"from": [7.60761, 15.9375, -2.47633],
			"to": [7.85761, 16.875, -2.16383],
			"rotation": {"angle": 45, "axis": "y", "origin": [7.73261, 16.40625, -2.38258]},
			"faces": {
				"north": {"uv": [9, 12, 16, 16], "rotation": 180, "texture": "#2"},
				"east": {"uv": [9, 12, 16, 16], "rotation": 180, "texture": "#2"},
				"south": {"uv": [10, 12, 16, 16], "rotation": 180, "texture": "#2"},
				"west": {"uv": [10, 12, 16, 16], "rotation": 180, "texture": "#2"},
				"up": {"uv": [9, 12, 16, 16], "rotation": 90, "texture": "#2"},
				"down": {"uv": [10, 13, 16, 16], "rotation": 270, "texture": "#2"}
			}
		},
		{
			"from": [7.9375, 17, -9.5],
			"to": [8.5, 17.375, -8.375],
			"rotation": {"angle": 0, "axis": "z", "origin": [7.8125, 17.125, -8.8125]},
			"faces": {
				"north": {"uv": [9, 12, 16, 16], "rotation": 270, "texture": "#2"},
				"east": {"uv": [9, 12, 16, 16], "rotation": 90, "texture": "#2"},
				"south": {"uv": [10, 12, 16, 16], "rotation": 90, "texture": "#2"},
				"west": {"uv": [10, 12, 16, 16], "rotation": 90, "texture": "#2"},
				"up": {"uv": [9, 12, 16, 16], "rotation": 90, "texture": "#2"},
				"down": {"uv": [10, 13, 16, 16], "rotation": 90, "texture": "#2"}
			}
		},
		{
			"from": [7.9375, 17, -8.0625],
			"to": [8.5, 17.1875, -7.8125],
			"rotation": {"angle": 0, "axis": "z", "origin": [7.8125, 17.125, -8.8125]},
			"faces": {
				"north": {"uv": [9, 12, 16, 16], "rotation": 270, "texture": "#1"},
				"east": {"uv": [9, 12, 16, 16], "rotation": 90, "texture": "#1"},
				"south": {"uv": [10, 12, 16, 16], "rotation": 90, "texture": "#1"},
				"west": {"uv": [10, 12, 16, 16], "rotation": 90, "texture": "#1"},
				"up": {"uv": [9, 12, 16, 16], "rotation": 90, "texture": "#1"},
				"down": {"uv": [10, 13, 16, 16], "rotation": 90, "texture": "#1"}
			}
		},
		{
			"from": [7.9375, 17, -5.875],
			"to": [8.5, 17.1875, -5.625],
			"rotation": {"angle": 0, "axis": "z", "origin": [7.8125, 17.125, -8.8125]},
			"faces": {
				"north": {"uv": [9, 12, 16, 16], "rotation": 270, "texture": "#1"},
				"east": {"uv": [9, 12, 16, 16], "rotation": 90, "texture": "#1"},
				"south": {"uv": [10, 12, 16, 16], "rotation": 90, "texture": "#1"},
				"west": {"uv": [10, 12, 16, 16], "rotation": 90, "texture": "#1"},
				"up": {"uv": [9, 12, 16, 16], "rotation": 90, "texture": "#1"},
				"down": {"uv": [10, 13, 16, 16], "rotation": 90, "texture": "#1"}
			}
		},
		{
			"from": [7.9375, 17, -6.9375],
			"to": [8.5, 17.1875, -6.6875],
			"rotation": {"angle": 0, "axis": "z", "origin": [7.8125, 17.125, -8.8125]},
			"faces": {
				"north": {"uv": [9, 12, 16, 16], "rotation": 270, "texture": "#1"},
				"east": {"uv": [9, 12, 16, 16], "rotation": 90, "texture": "#1"},
				"south": {"uv": [10, 12, 16, 16], "rotation": 90, "texture": "#1"},
				"west": {"uv": [10, 12, 16, 16], "rotation": 90, "texture": "#1"},
				"up": {"uv": [9, 12, 16, 16], "rotation": 90, "texture": "#1"},
				"down": {"uv": [10, 13, 16, 16], "rotation": 90, "texture": "#1"}
			}
		},
		{
			"from": [7.9375, 17, -4.75],
			"to": [8.5, 17.1875, -4.5],
			"rotation": {"angle": 0, "axis": "z", "origin": [7.8125, 17.125, -8.8125]},
			"faces": {
				"north": {"uv": [9, 12, 16, 16], "rotation": 270, "texture": "#1"},
				"east": {"uv": [9, 12, 16, 16], "rotation": 90, "texture": "#1"},
				"south": {"uv": [10, 12, 16, 16], "rotation": 90, "texture": "#1"},
				"west": {"uv": [10, 12, 16, 16], "rotation": 90, "texture": "#1"},
				"up": {"uv": [9, 12, 16, 16], "rotation": 90, "texture": "#1"},
				"down": {"uv": [10, 13, 16, 16], "rotation": 90, "texture": "#1"}
			}
		},
		{
			"from": [7.9375, 17, -3.625],
			"to": [8.5, 17.1875, -3.375],
			"rotation": {"angle": 0, "axis": "z", "origin": [7.8125, 17.125, -8.8125]},
			"faces": {
				"north": {"uv": [9, 12, 16, 16], "rotation": 270, "texture": "#1"},
				"east": {"uv": [9, 12, 16, 16], "rotation": 90, "texture": "#1"},
				"south": {"uv": [10, 12, 16, 16], "rotation": 90, "texture": "#1"},
				"west": {"uv": [10, 12, 16, 16], "rotation": 90, "texture": "#1"},
				"up": {"uv": [9, 12, 16, 16], "rotation": 90, "texture": "#1"},
				"down": {"uv": [10, 13, 16, 16], "rotation": 90, "texture": "#1"}
			}
		},
		{
			"from": [7.9375, 17, -7.5],
			"to": [8.5, 17.1875, -7.25],
			"rotation": {"angle": 0, "axis": "z", "origin": [7.8125, 17.125, -8.8125]},
			"faces": {
				"north": {"uv": [9, 12, 16, 16], "rotation": 270, "texture": "#1"},
				"east": {"uv": [9, 12, 16, 16], "rotation": 90, "texture": "#1"},
				"south": {"uv": [10, 12, 16, 16], "rotation": 90, "texture": "#1"},
				"west": {"uv": [10, 12, 16, 16], "rotation": 90, "texture": "#1"},
				"up": {"uv": [9, 12, 16, 16], "rotation": 90, "texture": "#1"},
				"down": {"uv": [10, 13, 16, 16], "rotation": 90, "texture": "#1"}
			}
		},
		{
			"from": [7.9375, 17, -5.3125],
			"to": [8.5, 17.1875, -5.0625],
			"rotation": {"angle": 0, "axis": "z", "origin": [7.8125, 17.125, -8.8125]},
			"faces": {
				"north": {"uv": [9, 12, 16, 16], "rotation": 270, "texture": "#1"},
				"east": {"uv": [9, 12, 16, 16], "rotation": 90, "texture": "#1"},
				"south": {"uv": [10, 12, 16, 16], "rotation": 90, "texture": "#1"},
				"west": {"uv": [10, 12, 16, 16], "rotation": 90, "texture": "#1"},
				"up": {"uv": [9, 12, 16, 16], "rotation": 90, "texture": "#1"},
				"down": {"uv": [10, 13, 16, 16], "rotation": 90, "texture": "#1"}
			}
		},
		{
			"from": [7.9375, 17, -6.375],
			"to": [8.5, 17.1875, -6.125],
			"rotation": {"angle": 0, "axis": "z", "origin": [7.8125, 17.125, -8.8125]},
			"faces": {
				"north": {"uv": [9, 12, 16, 16], "rotation": 270, "texture": "#1"},
				"east": {"uv": [9, 12, 16, 16], "rotation": 90, "texture": "#1"},
				"south": {"uv": [10, 12, 16, 16], "rotation": 90, "texture": "#1"},
				"west": {"uv": [10, 12, 16, 16], "rotation": 90, "texture": "#1"},
				"up": {"uv": [9, 12, 16, 16], "rotation": 90, "texture": "#1"},
				"down": {"uv": [10, 13, 16, 16], "rotation": 90, "texture": "#1"}
			}
		},
		{
			"from": [7.9375, 17, -4.1875],
			"to": [8.5, 17.1875, -3.9375],
			"rotation": {"angle": 0, "axis": "z", "origin": [7.8125, 17.125, -8.8125]},
			"faces": {
				"north": {"uv": [9, 12, 16, 16], "rotation": 270, "texture": "#1"},
				"east": {"uv": [9, 12, 16, 16], "rotation": 90, "texture": "#1"},
				"south": {"uv": [10, 12, 16, 16], "rotation": 90, "texture": "#1"},
				"west": {"uv": [10, 12, 16, 16], "rotation": 90, "texture": "#1"},
				"up": {"uv": [9, 12, 16, 16], "rotation": 90, "texture": "#1"},
				"down": {"uv": [10, 13, 16, 16], "rotation": 90, "texture": "#1"}
			}
		},
		{
			"from": [7.9375, 17, -3.0625],
			"to": [8.5, 17.1875, -2.8125],
			"rotation": {"angle": 0, "axis": "z", "origin": [7.8125, 17.125, -8.8125]},
			"faces": {
				"north": {"uv": [9, 12, 16, 16], "rotation": 270, "texture": "#1"},
				"east": {"uv": [9, 12, 16, 16], "rotation": 90, "texture": "#1"},
				"south": {"uv": [10, 12, 16, 16], "rotation": 90, "texture": "#1"},
				"west": {"uv": [10, 12, 16, 16], "rotation": 90, "texture": "#1"},
				"up": {"uv": [9, 12, 16, 16], "rotation": 90, "texture": "#1"},
				"down": {"uv": [10, 13, 16, 16], "rotation": 90, "texture": "#1"}
			}
		},
		{
			"from": [7.9375, 17.25, -8.4375],
			"to": [8.5, 17.3125, -8.375],
			"rotation": {"angle": 0, "axis": "z", "origin": [7.8125, 17.125, -8.8125]},
			"faces": {
				"north": {"uv": [9, 12, 16, 16], "rotation": 270, "texture": "#2"},
				"east": {"uv": [9, 12, 16, 16], "rotation": 90, "texture": "#2"},
				"south": {"uv": [10, 12, 16, 16], "rotation": 90, "texture": "#2"},
				"west": {"uv": [10, 12, 16, 16], "rotation": 90, "texture": "#2"},
				"up": {"uv": [9, 12, 16, 16], "rotation": 90, "texture": "#2"},
				"down": {"uv": [10, 13, 16, 16], "rotation": 90, "texture": "#2"}
			}
		},
		{
			"from": [8.125, 17.375, -9.25],
			"to": [8.3125, 17.8125, -8.875],
			"rotation": {"angle": 0, "axis": "z", "origin": [7.8125, 17.125, -8.8125]},
			"faces": {
				"north": {"uv": [0, 0, 5, 6], "rotation": 270, "texture": "#3"},
				"east": {"uv": [0, 0, 5, 6], "rotation": 90, "texture": "#3"},
				"south": {"uv": [10, 10, 14, 16], "rotation": 90, "texture": "#3"},
				"west": {"uv": [0, 0, 5, 6], "rotation": 90, "texture": "#3"},
				"up": {"uv": [0, 0, 5, 6], "rotation": 90, "texture": "#3"},
				"down": {"uv": [0, 0, 5, 6], "rotation": 90, "texture": "#3"}
			}
		},
		{
			"from": [7.9375, 15.875, -9.3125],
			"to": [8.5, 16.1875, -2.375],
			"rotation": {"angle": 0, "axis": "z", "origin": [7.8125, 17.125, -8.8125]},
			"faces": {
				"north": {"uv": [9, 12, 16, 16], "rotation": 270, "texture": "#2"},
				"east": {"uv": [9, 12, 16, 16], "rotation": 90, "texture": "#2"},
				"south": {"uv": [10, 12, 16, 16], "rotation": 90, "texture": "#2"},
				"west": {"uv": [10, 12, 16, 16], "rotation": 90, "texture": "#2"},
				"up": {"uv": [9, 12, 16, 16], "rotation": 90, "texture": "#2"},
				"down": {"uv": [10, 13, 16, 16], "rotation": 90, "texture": "#2"}
			}
		},
		{
			"from": [8.5625, 15.625, -9.25],
			"to": [8.8125, 15.875, -8.5],
			"faces": {
				"north": {"uv": [0, 0, 5, 3], "texture": "#2"},
				"east": {"uv": [0, 0, 6, 3], "texture": "#2"},
				"south": {"uv": [0, 0, 5, 3], "texture": "#2"},
				"west": {"uv": [0, 0, 5, 3], "texture": "#2"},
				"up": {"uv": [0, 0, 5, 3], "texture": "#2"},
				"down": {"uv": [0, 0, 5, 3], "texture": "#2"}
			}
		},
		{
			"from": [8.5625, 14.875, -8.5],
			"to": [8.8125, 15.875, -7.3125],
			"faces": {
				"north": {"uv": [0, 0, 5, 3], "texture": "#2"},
				"east": {"uv": [0, 0, 6, 3], "texture": "#2"},
				"south": {"uv": [0, 0, 5, 3], "texture": "#2"},
				"west": {"uv": [0, 0, 5, 3], "texture": "#2"},
				"up": {"uv": [0, 0, 5, 3], "texture": "#2"},
				"down": {"uv": [0, 0, 5, 3], "texture": "#2"}
			}
		},
		{
			"from": [8.25, 15.65625, -9.28125],
			"to": [8.8125, 15.96875, -8.21875],
			"rotation": {"angle": 45, "axis": "x", "origin": [8.6875, 15.625, -9.28125]},
			"faces": {
				"north": {"uv": [0, 0, 5, 3], "rotation": 180, "texture": "#2"},
				"east": {"uv": [0, 0, 6, 3], "rotation": 90, "texture": "#2"},
				"south": {"uv": [0, 0, 5, 3], "texture": "#2"},
				"west": {"uv": [0, 0, 5, 3], "rotation": 270, "texture": "#2"},
				"up": {"uv": [0, 0, 5, 3], "texture": "#2"},
				"down": {"uv": [0, 0, 5, 3], "rotation": 180, "texture": "#2"}
			}
		},
		{
			"from": [8.5625, 15.3125, -8.8125],
			"to": [8.8125, 15.625, -8.5],
			"faces": {
				"north": {"uv": [0, 0, 5, 3], "texture": "#2"},
				"east": {"uv": [0, 0, 6, 3], "texture": "#2"},
				"south": {"uv": [0, 0, 5, 3], "texture": "#2"},
				"west": {"uv": [0, 0, 5, 3], "texture": "#2"},
				"up": {"uv": [0, 0, 5, 3], "texture": "#2"},
				"down": {"uv": [0, 0, 5, 3], "texture": "#2"}
			}
		},
		{
			"from": [7.625, 15.65625, -9.28125],
			"to": [8.25, 15.96875, -8.21875],
			"rotation": {"angle": 45, "axis": "x", "origin": [7.75, 15.625, -9.28125]},
			"faces": {
				"north": {"uv": [0, 0, 5, 3], "rotation": 180, "texture": "#2"},
				"east": {"uv": [0, 0, 6, 3], "rotation": 90, "texture": "#2"},
				"south": {"uv": [0, 0, 5, 3], "texture": "#2"},
				"west": {"uv": [0, 0, 5, 3], "rotation": 270, "texture": "#2"},
				"up": {"uv": [0, 0, 5, 3], "texture": "#2"},
				"down": {"uv": [0, 0, 5, 3], "rotation": 180, "texture": "#2"}
			}
		},
		{
			"from": [7.625, 15.625, -9.25],
			"to": [7.875, 15.875, -8.5],
			"rotation": {"angle": 0, "axis": "y", "origin": [-0.9375, 0, 0]},
			"faces": {
				"north": {"uv": [0, 0, 5, 3], "texture": "#2"},
				"east": {"uv": [0, 0, 6, 3], "texture": "#2"},
				"south": {"uv": [0, 0, 5, 3], "texture": "#2"},
				"west": {"uv": [0, 0, 5, 3], "texture": "#2"},
				"up": {"uv": [0, 0, 5, 3], "texture": "#2"},
				"down": {"uv": [0, 0, 5, 3], "texture": "#2"}
			}
		},
		{
			"from": [7.625, 14.875, -8.5],
			"to": [7.875, 15.875, -7.3125],
			"faces": {
				"north": {"uv": [0, 0, 5, 3], "texture": "#2"},
				"east": {"uv": [0, 0, 6, 3], "texture": "#2"},
				"south": {"uv": [0, 0, 5, 3], "texture": "#2"},
				"west": {"uv": [0, 0, 5, 3], "texture": "#2"},
				"up": {"uv": [0, 0, 5, 3], "texture": "#2"},
				"down": {"uv": [0, 0, 5, 3], "texture": "#2"}
			}
		},
		{
			"from": [7.625, 15.3125, -8.8125],
			"to": [7.875, 15.625, -8.5],
			"rotation": {"angle": 0, "axis": "y", "origin": [-0.9375, 0, 0]},
			"faces": {
				"north": {"uv": [0, 0, 5, 3], "texture": "#2"},
				"east": {"uv": [0, 0, 6, 3], "texture": "#2"},
				"south": {"uv": [0, 0, 5, 3], "texture": "#2"},
				"west": {"uv": [0, 0, 5, 3], "texture": "#2"},
				"up": {"uv": [0, 0, 5, 3], "texture": "#2"},
				"down": {"uv": [0, 0, 5, 3], "texture": "#2"}
			}
		},
		{
			"from": [8.0625, 16.6875, -9.5],
			"to": [8.375, 16.75, 1.3125],
			"faces": {
				"north": {"uv": [0, 0, 0.3125, 0.0625], "texture": "#0"},
				"east": {"uv": [0, 0, 10.8125, 0.0625], "texture": "#0"},
				"south": {"uv": [0, 0, 0.3125, 0.0625], "texture": "#0"},
				"west": {"uv": [0, 0, 10.8125, 0.0625], "texture": "#0"},
				"up": {"uv": [0, 0, 0.3125, 10.8125], "texture": "#0"},
				"down": {"uv": [0, 0, 0.3125, 10.8125], "texture": "#0"}
			}
		},
		{
			"from": [8.4375, 16.3125, -9.5],
			"to": [8.5, 16.625, 1.3125],
			"rotation": {"angle": 0, "axis": "z", "origin": [8.46875, 16.71875, -9.25]},
			"faces": {
				"north": {"uv": [0, 0, 0.3125, 0.0625], "rotation": 270, "texture": "#0"},
				"east": {"uv": [0, 0, 0.3125, 10.8125], "rotation": 90, "texture": "#0"},
				"south": {"uv": [0, 0, 0.3125, 0.0625], "rotation": 90, "texture": "#0"},
				"west": {"uv": [0, 0, 0.3125, 10.8125], "rotation": 90, "texture": "#0"},
				"up": {"uv": [0, 0, 10.8125, 0.0625], "rotation": 90, "texture": "#0"},
				"down": {"uv": [0, 0, 10.8125, 0.0625], "rotation": 90, "texture": "#0"}
			}
		},
		{
			"from": [8.5, 16.5625, -9.5],
			"to": [8.5625, 16.75, 1.3125],
			"rotation": {"angle": 45, "axis": "z", "origin": [8.46875, 16.46875, -9.25]},
			"faces": {
				"north": {"uv": [0, 0, 0.1875, 0.0625], "rotation": 90, "texture": "#0"},
				"east": {"uv": [0, 0, 0.1875, 10.8125], "rotation": 270, "texture": "#0"},
				"south": {"uv": [0, 0, 0.1875, 0.0625], "rotation": 270, "texture": "#0"},
				"west": {"uv": [0, 0, 0.1875, 10.8125], "rotation": 270, "texture": "#0"},
				"up": {"uv": [0, 0, 10.8125, 0.0625], "rotation": 270, "texture": "#0"},
				"down": {"uv": [0, 0, 10.8125, 0.0625], "rotation": 270, "texture": "#0"}
			}
		},
		{
			"from": [8.5, 16.1875, -9.5],
			"to": [8.5625, 16.375, 1.3125],
			"rotation": {"angle": -45, "axis": "z", "origin": [8.46875, 16.46875, -9.25]},
			"faces": {
				"north": {"uv": [0, 0, 0.1875, 0.0625], "rotation": 270, "texture": "#0"},
				"east": {"uv": [0, 0, 0.1875, 10.8125], "rotation": 90, "texture": "#0"},
				"south": {"uv": [0, 0, 0.1875, 0.0625], "rotation": 90, "texture": "#0"},
				"west": {"uv": [0, 0, 0.1875, 10.8125], "rotation": 90, "texture": "#0"},
				"up": {"uv": [0, 0, 10.8125, 0.0625], "rotation": 90, "texture": "#0"},
				"down": {"uv": [0, 0, 10.8125, 0.0625], "rotation": 90, "texture": "#0"}
			}
		},
		{
			"from": [8, 16.1875, -9.5],
			"to": [8.0625, 16.375, 1.3125],
			"rotation": {"angle": -45, "axis": "z", "origin": [8.46875, 16.46875, -9.25]},
			"faces": {
				"north": {"uv": [0, 0, 0.1875, 0.0625], "rotation": 270, "texture": "#0"},
				"east": {"uv": [0, 0, 0.1875, 10.8125], "rotation": 90, "texture": "#0"},
				"south": {"uv": [0, 0, 0.1875, 0.0625], "rotation": 90, "texture": "#0"},
				"west": {"uv": [0, 0, 0.1875, 10.8125], "rotation": 90, "texture": "#0"},
				"up": {"uv": [0, 0, 10.8125, 0.0625], "rotation": 90, "texture": "#0"},
				"down": {"uv": [0, 0, 10.8125, 0.0625], "rotation": 90, "texture": "#0"}
			}
		},
		{
			"from": [8, 16.5625, -9.5],
			"to": [8.0625, 16.75, 1.3125],
			"rotation": {"angle": 45, "axis": "z", "origin": [8.46875, 16.46875, -9.25]},
			"faces": {
				"north": {"uv": [0, 0, 0.1875, 0.0625], "rotation": 270, "texture": "#0"},
				"east": {"uv": [0, 0, 0.1875, 10.8125], "rotation": 90, "texture": "#0"},
				"south": {"uv": [0, 0, 0.1875, 0.0625], "rotation": 90, "texture": "#0"},
				"west": {"uv": [0, 0, 0.1875, 10.8125], "rotation": 90, "texture": "#0"},
				"up": {"uv": [0, 0, 10.8125, 0.0625], "rotation": 90, "texture": "#0"},
				"down": {"uv": [0, 0, 10.8125, 0.0625], "rotation": 90, "texture": "#0"}
			}
		},
		{
			"from": [7.9375, 16.3125, -9.5],
			"to": [8, 16.625, 1.3125],
			"rotation": {"angle": 0, "axis": "z", "origin": [8.46875, 16.71875, -9.25]},
			"faces": {
				"north": {"uv": [0, 0, 0.3125, 0.0625], "rotation": 270, "texture": "#0"},
				"east": {"uv": [0, 0, 0.3125, 10.8125], "rotation": 90, "texture": "#0"},
				"south": {"uv": [0, 0, 0.3125, 0.0625], "rotation": 90, "texture": "#0"},
				"west": {"uv": [0, 0, 0.3125, 10.8125], "rotation": 90, "texture": "#0"},
				"up": {"uv": [0, 0, 10.8125, 0.0625], "rotation": 90, "texture": "#0"},
				"down": {"uv": [0, 0, 10.8125, 0.0625], "rotation": 90, "texture": "#0"}
			}
		},
		{
			"from": [8.0625, 16.1875, -9.5],
			"to": [8.375, 16.25, 1.3125],
			"faces": {
				"north": {"uv": [0, 0, 0.3125, 0.0625], "texture": "#0"},
				"east": {"uv": [0, 0, 10.8125, 0.0625], "texture": "#0"},
				"south": {"uv": [0, 0, 0.3125, 0.0625], "texture": "#0"},
				"west": {"uv": [0, 0, 10.8125, 0.0625], "texture": "#0"},
				"up": {"uv": [0, 0, 0.3125, 10.8125], "texture": "#0"},
				"down": {"uv": [0, 0, 0.3125, 10.8125], "texture": "#0"}
			}
		},
		{
			"from": [8.5, 16.1875, -2.375],
			"to": [8.625, 16.75, 1.3125],
			"faces": {
				"north": {"uv": [0, 0, 0.125, 0.5625], "texture": "#0"},
				"east": {"uv": [0, 0, 3.6875, 0.5625], "texture": "#0"},
				"south": {"uv": [0, 0, 0.125, 0.5625], "texture": "#0"},
				"west": {"uv": [0, 0, 3.6875, 0.5625], "texture": "#0"},
				"up": {"uv": [0, 0, 0.125, 3.6875], "texture": "#0"},
				"down": {"uv": [0, 0, 0.125, 3.6875], "texture": "#0"}
			}
		},
		{
			"from": [7.8125, 16.1875, -2.375],
			"to": [7.9375, 16.75, 1.3125],
			"faces": {
				"north": {"uv": [0, 0, 0.125, 0.5625], "texture": "#0"},
				"east": {"uv": [0, 0, 3.6875, 0.5625], "texture": "#0"},
				"south": {"uv": [0, 0, 0.125, 0.5625], "texture": "#0"},
				"west": {"uv": [0, 0, 3.6875, 0.5625], "texture": "#0"},
				"up": {"uv": [0, 0, 0.125, 3.6875], "texture": "#0"},
				"down": {"uv": [0, 0, 0.125, 3.6875], "texture": "#0"}
			}
		},
		{
			"from": [7.9375, 16.75, -2.375],
			"to": [8.5, 16.875, 1.3125],
			"rotation": {"angle": 0, "axis": "z", "origin": [8.5625, 17, 1.5625]},
			"faces": {
				"north": {"uv": [0, 0, 0.125, 0.5625], "rotation": 90, "texture": "#0"},
				"east": {"uv": [0, 0, 0.125, 3.6875], "rotation": 270, "texture": "#0"},
				"south": {"uv": [0, 0, 0.125, 0.5625], "rotation": 270, "texture": "#0"},
				"west": {"uv": [0, 0, 0.125, 3.6875], "rotation": 270, "texture": "#0"},
				"up": {"uv": [0, 0, 3.6875, 0.5625], "rotation": 270, "texture": "#0"},
				"down": {"uv": [0, 0, 3.6875, 0.5625], "rotation": 270, "texture": "#0"}
			}
		},
		{
			"from": [7.9375, 16.0625, -2.375],
			"to": [8.5, 16.1875, 1.3125],
			"rotation": {"angle": 0, "axis": "z", "origin": [8.5625, 17, 1.5625]},
			"faces": {
				"north": {"uv": [0, 0, 0.125, 0.5625], "rotation": 90, "texture": "#0"},
				"east": {"uv": [0, 0, 0.125, 3.6875], "rotation": 270, "texture": "#0"},
				"south": {"uv": [0, 0, 0.125, 0.5625], "rotation": 270, "texture": "#0"},
				"west": {"uv": [0, 0, 0.125, 3.6875], "rotation": 270, "texture": "#0"},
				"up": {"uv": [0, 0, 3.6875, 0.5625], "rotation": 270, "texture": "#0"},
				"down": {"uv": [0, 0, 3.6875, 0.5625], "rotation": 270, "texture": "#0"}
			}
		},
		{
			"from": [7.5, 14.9375, -7.3125],
			"to": [7.9375, 15.875, 0.875],
			"faces": {
				"north": {"uv": [0, 0, 5, 3], "texture": "#2"},
				"east": {"uv": [0, 0, 6, 3], "texture": "#2"},
				"south": {"uv": [0, 0, 5, 3], "texture": "#2"},
				"west": {"uv": [0, 0, 5, 3], "texture": "#2"},
				"up": {"uv": [0, 0, 5, 3], "texture": "#2"},
				"down": {"uv": [0, 0, 5, 3], "texture": "#2"}
			}
		},
		{
			"from": [8.5, 14.9375, -7.3125],
			"to": [8.9375, 15.875, 0.875],
			"faces": {
				"north": {"uv": [0, 0, 5, 3], "texture": "#2"},
				"east": {"uv": [0, 0, 6, 3], "texture": "#2"},
				"south": {"uv": [0, 0, 5, 3], "texture": "#2"},
				"west": {"uv": [0, 0, 5, 3], "texture": "#2"},
				"up": {"uv": [0, 0, 5, 3], "texture": "#2"},
				"down": {"uv": [0, 0, 5, 3], "texture": "#2"}
			}
		},
		{
			"from": [8.625, 14.9375, 0.875],
			"to": [9.0625, 17.25, 3.9375],
			"faces": {
				"north": {"uv": [0, 0, 5, 3], "texture": "#2"},
				"east": {"uv": [0, 0, 6, 3], "texture": "#2"},
				"south": {"uv": [0, 0, 5, 3], "texture": "#2"},
				"west": {"uv": [0, 0, 5, 3], "texture": "#2"},
				"up": {"uv": [0, 0, 5, 3], "texture": "#2"},
				"down": {"uv": [0, 0, 5, 3], "texture": "#2"}
			}
		},
		{
			"from": [8.9375, 15.6875, 1.75],
			"to": [9.125, 18, 2.0625],
			"rotation": {"angle": -22.5, "axis": "x", "origin": [9, 16.09375, 3.78125]},
			"faces": {
				"north": {"uv": [0, 0, 5, 3], "texture": "#0"},
				"east": {"uv": [0, 0, 6, 3], "texture": "#0"},
				"south": {"uv": [0, 0, 5, 3], "texture": "#0"},
				"west": {"uv": [0, 0, 5, 3], "texture": "#0"},
				"up": {"uv": [0, 0, 5, 3], "texture": "#0"},
				"down": {"uv": [0, 0, 5, 3], "texture": "#0"}
			}
		},
		{
			"from": [7.3125, 15.6875, 1.75],
			"to": [7.5, 18, 2.0625],
			"rotation": {"angle": -22.5, "axis": "x", "origin": [9, 16.09375, 3.78125]},
			"faces": {
				"north": {"uv": [0, 0, 5, 3], "texture": "#0"},
				"east": {"uv": [0, 0, 6, 3], "texture": "#0"},
				"south": {"uv": [0, 0, 5, 3], "texture": "#0"},
				"west": {"uv": [0, 0, 5, 3], "texture": "#0"},
				"up": {"uv": [0, 0, 5, 3], "texture": "#0"},
				"down": {"uv": [0, 0, 5, 3], "texture": "#0"}
			}
		},
		{
			"from": [8.9375, 14.9375, 3.625],
			"to": [9.125, 17.25, 3.9375],
			"rotation": {"angle": -22.5, "axis": "x", "origin": [9, 16.09375, 3.78125]},
			"faces": {
				"north": {"uv": [0, 0, 5, 3], "texture": "#0"},
				"east": {"uv": [0, 0, 6, 3], "texture": "#0"},
				"south": {"uv": [0, 0, 5, 3], "texture": "#0"},
				"west": {"uv": [0, 0, 5, 3], "texture": "#0"},
				"up": {"uv": [0, 0, 5, 3], "texture": "#0"},
				"down": {"uv": [0, 0, 5, 3], "texture": "#0"}
			}
		},
		{
			"from": [7.3125, 14.9375, 3.625],
			"to": [7.5, 17.25, 3.9375],
			"rotation": {"angle": -22.5, "axis": "x", "origin": [9, 16.09375, 3.78125]},
			"faces": {
				"north": {"uv": [0, 0, 5, 3], "texture": "#0"},
				"east": {"uv": [0, 0, 6, 3], "texture": "#0"},
				"south": {"uv": [0, 0, 5, 3], "texture": "#0"},
				"west": {"uv": [0, 0, 5, 3], "texture": "#0"},
				"up": {"uv": [0, 0, 5, 3], "texture": "#0"},
				"down": {"uv": [0, 0, 5, 3], "texture": "#0"}
			}
		},
		{
			"from": [8.9375, 15.3125, 2.6875],
			"to": [9.125, 17.625, 3],
			"rotation": {"angle": -22.5, "axis": "x", "origin": [9, 16.09375, 3.78125]},
			"faces": {
				"north": {"uv": [0, 0, 5, 3], "texture": "#0"},
				"east": {"uv": [0, 0, 6, 3], "texture": "#0"},
				"south": {"uv": [0, 0, 5, 3], "texture": "#0"},
				"west": {"uv": [0, 0, 5, 3], "texture": "#0"},
				"up": {"uv": [0, 0, 5, 3], "texture": "#0"},
				"down": {"uv": [0, 0, 5, 3], "texture": "#0"}
			}
		},
		{
			"from": [7.3125, 15.3125, 2.6875],
			"to": [7.5, 17.625, 3],
			"rotation": {"angle": -22.5, "axis": "x", "origin": [9, 16.09375, 3.78125]},
			"faces": {
				"north": {"uv": [0, 0, 5, 3], "texture": "#0"},
				"east": {"uv": [0, 0, 6, 3], "texture": "#0"},
				"south": {"uv": [0, 0, 5, 3], "texture": "#0"},
				"west": {"uv": [0, 0, 5, 3], "texture": "#0"},
				"up": {"uv": [0, 0, 5, 3], "texture": "#0"},
				"down": {"uv": [0, 0, 5, 3], "texture": "#0"}
			}
		},
		{
			"from": [7.625, 17.25, 0.875],
			"to": [8.8125, 17.4375, 4],
			"faces": {
				"north": {"uv": [0, 0, 5, 3], "texture": "#2"},
				"east": {"uv": [0, 0, 6, 3], "texture": "#2"},
				"south": {"uv": [0, 0, 5, 3], "texture": "#2"},
				"west": {"uv": [0, 0, 5, 3], "texture": "#2"},
				"up": {"uv": [0, 0, 5, 3], "texture": "#2"},
				"down": {"uv": [0, 0, 5, 3], "texture": "#2"}
			}
		},
		{
			"from": [7.625, 17.0625, 3.9375],
			"to": [8.8125, 17.25, 6.8125],
			"faces": {
				"north": {"uv": [0, 0, 5, 3], "texture": "#2"},
				"east": {"uv": [0, 0, 6, 3], "texture": "#2"},
				"south": {"uv": [0, 0, 5, 3], "texture": "#2"},
				"west": {"uv": [0, 0, 5, 3], "texture": "#2"},
				"up": {"uv": [0, 0, 5, 3], "texture": "#2"},
				"down": {"uv": [0, 0, 5, 3], "texture": "#2"}
			}
		},
		{
			"from": [7.75, 17.25, 5.9375],
			"to": [8.6875, 17.4375, 6.625],
			"faces": {
				"north": {"uv": [0, 0, 5, 3], "texture": "#3"},
				"east": {"uv": [0, 0, 6, 3], "texture": "#3"},
				"south": {"uv": [0, 0, 5, 3], "texture": "#3"},
				"west": {"uv": [0, 0, 5, 3], "texture": "#3"},
				"up": {"uv": [0, 0, 5, 3], "texture": "#3"},
				"down": {"uv": [0, 0, 5, 3], "texture": "#3"}
			}
		},
		{
			"from": [7.75, 17.4375, 5.9375],
			"to": [8.0625, 17.625, 6.625],
			"faces": {
				"north": {"uv": [0, 0, 5, 3], "texture": "#3"},
				"east": {"uv": [0, 0, 6, 3], "texture": "#3"},
				"south": {"uv": [0, 0, 5, 3], "texture": "#3"},
				"west": {"uv": [0, 0, 5, 3], "texture": "#3"},
				"up": {"uv": [0, 0, 5, 3], "texture": "#3"},
				"down": {"uv": [0, 0, 5, 3], "texture": "#3"}
			}
		},
		{
			"from": [8.375, 17.4375, 5.9375],
			"to": [8.6875, 17.625, 6.625],
			"faces": {
				"north": {"uv": [0, 0, 5, 3], "texture": "#3"},
				"east": {"uv": [0, 0, 6, 3], "texture": "#3"},
				"south": {"uv": [0, 0, 5, 3], "texture": "#3"},
				"west": {"uv": [0, 0, 5, 3], "texture": "#3"},
				"up": {"uv": [0, 0, 5, 3], "texture": "#3"},
				"down": {"uv": [0, 0, 5, 3], "texture": "#3"}
			}
		},
		{
			"from": [7.625, 14.5, 6.5],
			"to": [7.9375, 16.625, 6.6875],
			"rotation": {"angle": -22.5, "axis": "x", "origin": [8.21875, 17.15625, 5.21875]},
			"faces": {
				"north": {"uv": [0, 0, 5, 3], "rotation": 180, "texture": "#2"},
				"east": {"uv": [0, 0, 6, 3], "rotation": 270, "texture": "#2"},
				"south": {"uv": [0, 0, 5, 3], "texture": "#2"},
				"west": {"uv": [0, 0, 5, 3], "rotation": 90, "texture": "#2"},
				"up": {"uv": [0, 0, 5, 3], "rotation": 180, "texture": "#2"},
				"down": {"uv": [0, 0, 5, 3], "texture": "#2"}
			}
		},
		{
			"from": [8.5, 14.5, 6.5],
			"to": [8.8125, 16.625, 6.6875],
			"rotation": {"angle": -22.5, "axis": "x", "origin": [8.21875, 17.15625, 5.21875]},
			"faces": {
				"north": {"uv": [0, 0, 5, 3], "rotation": 180, "texture": "#2"},
				"east": {"uv": [0, 0, 6, 3], "rotation": 270, "texture": "#2"},
				"south": {"uv": [0, 0, 5, 3], "texture": "#2"},
				"west": {"uv": [0, 0, 5, 3], "rotation": 90, "texture": "#2"},
				"up": {"uv": [0, 0, 5, 3], "rotation": 180, "texture": "#2"},
				"down": {"uv": [0, 0, 5, 3], "texture": "#2"}
			}
		},
		{
			"from": [7.9375, 16, 6.5],
			"to": [8.5, 16.625, 6.6875],
			"rotation": {"angle": -22.5, "axis": "x", "origin": [8.21875, 17.15625, 5.21875]},
			"faces": {
				"north": {"uv": [0, 0, 5, 3], "rotation": 180, "texture": "#2"},
				"east": {"uv": [0, 0, 6, 3], "rotation": 270, "texture": "#2"},
				"south": {"uv": [0, 0, 5, 3], "texture": "#2"},
				"west": {"uv": [0, 0, 5, 3], "rotation": 90, "texture": "#2"},
				"up": {"uv": [0, 0, 5, 3], "rotation": 180, "texture": "#2"},
				"down": {"uv": [0, 0, 5, 3], "texture": "#2"}
			}
		},
		{
			"from": [7.9375, 14.5, 6.5],
			"to": [8.5, 14.875, 6.6875],
			"rotation": {"angle": -22.5, "axis": "x", "origin": [8.21875, 17.15625, 5.21875]},
			"faces": {
				"north": {"uv": [0, 0, 5, 3], "rotation": 180, "texture": "#2"},
				"east": {"uv": [0, 0, 6, 3], "rotation": 270, "texture": "#2"},
				"south": {"uv": [0, 0, 5, 3], "texture": "#2"},
				"west": {"uv": [0, 0, 5, 3], "rotation": 90, "texture": "#2"},
				"up": {"uv": [0, 0, 5, 3], "rotation": 180, "texture": "#2"},
				"down": {"uv": [0, 0, 5, 3], "texture": "#2"}
			}
		},
		{
			"from": [7.625, 17.0625, 4],
			"to": [8.8125, 17.25, 4.5],
			"rotation": {"angle": 22.5, "axis": "x", "origin": [8.21875, 17.34375, 4.4375]},
			"faces": {
				"north": {"uv": [0, 0, 5, 3], "texture": "#2"},
				"east": {"uv": [0, 0, 6, 3], "texture": "#2"},
				"south": {"uv": [0, 0, 5, 3], "texture": "#2"},
				"west": {"uv": [0, 0, 5, 3], "texture": "#2"},
				"up": {"uv": [0, 0, 5, 3], "texture": "#2"},
				"down": {"uv": [0, 0, 5, 3], "texture": "#2"}
			}
		},
		{
			"from": [7.375, 14.9375, 0.875],
			"to": [7.8125, 17.25, 3.9375],
			"faces": {
				"north": {"uv": [0, 0, 5, 3], "texture": "#2"},
				"east": {"uv": [0, 0, 6, 3], "texture": "#2"},
				"south": {"uv": [0, 0, 5, 3], "texture": "#2"},
				"west": {"uv": [0, 0, 5, 3], "texture": "#2"},
				"up": {"uv": [0, 0, 5, 3], "texture": "#2"},
				"down": {"uv": [0, 0, 5, 3], "texture": "#2"}
			}
		},
		{
			"from": [7.375, 14.9375, 3.9375],
			"to": [7.75, 17.0625, 6.8125],
			"faces": {
				"north": {"uv": [0, 0, 5, 3], "texture": "#2"},
				"east": {"uv": [0, 0, 6, 3], "texture": "#2"},
				"south": {"uv": [0, 0, 5, 3], "texture": "#2"},
				"west": {"uv": [0, 0, 5, 3], "texture": "#2"},
				"up": {"uv": [0, 0, 5, 3], "texture": "#2"},
				"down": {"uv": [0, 0, 5, 3], "texture": "#2"}
			}
		},
		{
			"from": [8.6875, 14.9375, 3.9375],
			"to": [9.0625, 17.0625, 6.8125],
			"faces": {
				"north": {"uv": [0, 0, 5, 3], "texture": "#2"},
				"east": {"uv": [0, 0, 6, 3], "texture": "#2"},
				"south": {"uv": [0, 0, 5, 3], "texture": "#2"},
				"west": {"uv": [0, 0, 5, 3], "texture": "#2"},
				"up": {"uv": [0, 0, 5, 3], "texture": "#2"},
				"down": {"uv": [0, 0, 5, 3], "texture": "#2"}
			}
		},
		{
			"from": [8.9375, 16, 5.5625],
			"to": [9.25, 16.75, 6.375],
			"faces": {
				"north": {"uv": [11, 13, 16, 16], "texture": "#0"},
				"east": {"uv": [10, 13, 16, 16], "texture": "#0"},
				"south": {"uv": [11, 13, 16, 16], "texture": "#0"},
				"west": {"uv": [11, 13, 16, 16], "texture": "#0"},
				"up": {"uv": [11, 13, 16, 16], "texture": "#0"},
				"down": {"uv": [11, 13, 16, 16], "texture": "#0"}
			}
		},
		{
			"from": [7.1875, 16, 5.5625],
			"to": [7.5, 16.75, 6.375],
			"rotation": {"angle": 0, "axis": "y", "origin": [-1.625, 0, 0]},
			"faces": {
				"north": {"uv": [11, 13, 16, 16], "texture": "#0"},
				"east": {"uv": [10, 13, 16, 16], "texture": "#0"},
				"south": {"uv": [11, 13, 16, 16], "texture": "#0"},
				"west": {"uv": [11, 13, 16, 16], "texture": "#0"},
				"up": {"uv": [11, 13, 16, 16], "texture": "#0"},
				"down": {"uv": [11, 13, 16, 16], "texture": "#0"}
			}
		},
		{
			"from": [8.9375, 16.1875, 5.0625],
			"to": [9.25, 16.6875, 5.6875],
			"rotation": {"angle": -45, "axis": "x", "origin": [9.03125, 16.375, 5.96875]},
			"faces": {
				"north": {"uv": [11, 13, 16, 16], "texture": "#0"},
				"east": {"uv": [10, 13, 16, 16], "texture": "#0"},
				"south": {"uv": [11, 13, 16, 16], "texture": "#0"},
				"west": {"uv": [11, 13, 16, 16], "texture": "#0"},
				"up": {"uv": [11, 13, 16, 16], "texture": "#0"},
				"down": {"uv": [11, 13, 16, 16], "texture": "#0"}
			}
		},
		{
			"from": [7.1875, 16.1875, 5.0625],
			"to": [7.5, 16.6875, 5.6875],
			"rotation": {"angle": -45, "axis": "x", "origin": [7.40625, 16.375, 5.96875]},
			"faces": {
				"north": {"uv": [11, 13, 16, 16], "texture": "#0"},
				"east": {"uv": [10, 13, 16, 16], "texture": "#0"},
				"south": {"uv": [11, 13, 16, 16], "texture": "#0"},
				"west": {"uv": [11, 13, 16, 16], "texture": "#0"},
				"up": {"uv": [11, 13, 16, 16], "texture": "#0"},
				"down": {"uv": [11, 13, 16, 16], "texture": "#0"}
			}
		},
		{
			"from": [8.9375, 16, 4.75],
			"to": [9.4375, 16.875, 5.0625],
			"rotation": {"angle": -45, "axis": "x", "origin": [9.03125, 16.375, 5.96875]},
			"faces": {
				"north": {"uv": [11, 13, 16, 16], "texture": "#0"},
				"east": {"uv": [10, 13, 16, 16], "texture": "#0"},
				"south": {"uv": [11, 13, 16, 16], "texture": "#0"},
				"west": {"uv": [11, 13, 16, 16], "texture": "#0"},
				"up": {"uv": [11, 13, 16, 16], "texture": "#0"},
				"down": {"uv": [11, 13, 16, 16], "texture": "#0"}
			}
		},
		{
			"from": [7, 16, 4.75],
			"to": [7.5, 16.875, 5.0625],
			"rotation": {"angle": -45, "axis": "x", "origin": [9.03125, 16.375, 5.96875]},
			"faces": {
				"north": {"uv": [11, 13, 16, 16], "texture": "#0"},
				"east": {"uv": [10, 13, 16, 16], "texture": "#0"},
				"south": {"uv": [11, 13, 16, 16], "texture": "#0"},
				"west": {"uv": [11, 13, 16, 16], "texture": "#0"},
				"up": {"uv": [11, 13, 16, 16], "texture": "#0"},
				"down": {"uv": [11, 13, 16, 16], "texture": "#0"}
			}
		},
		{
			"from": [8.6875, 14.375, 6.25],
			"to": [9.0625, 16.3125, 7.0625],
			"rotation": {"angle": -22.5, "axis": "x", "origin": [8.8125, 16, 5.0625]},
			"faces": {
				"north": {"uv": [0, 0, 5, 3], "texture": "#2"},
				"east": {"uv": [0, 0, 6, 3], "texture": "#2"},
				"south": {"uv": [0, 0, 5, 3], "texture": "#2"},
				"west": {"uv": [0, 0, 5, 3], "texture": "#2"},
				"up": {"uv": [0, 0, 5, 3], "texture": "#2"},
				"down": {"uv": [0, 0, 5, 3], "texture": "#2"}
			}
		},
		{
			"from": [7.375, 14.375, 6.25],
			"to": [7.75, 16.3125, 7.0625],
			"rotation": {"angle": -22.5, "axis": "x", "origin": [8.8125, 16, 5.0625]},
			"faces": {
				"north": {"uv": [0, 0, 5, 3], "texture": "#2"},
				"east": {"uv": [0, 0, 6, 3], "texture": "#2"},
				"south": {"uv": [0, 0, 5, 3], "texture": "#2"},
				"west": {"uv": [0, 0, 5, 3], "texture": "#2"},
				"up": {"uv": [0, 0, 5, 3], "texture": "#2"},
				"down": {"uv": [0, 0, 5, 3], "texture": "#2"}
			}
		},
		{
			"from": [7.75, 14.75, -8.4375],
			"to": [8.6875, 14.9375, 0.875],
			"faces": {
				"north": {"uv": [0, 0, 0.9375, 0.1875], "texture": "#1"},
				"east": {"uv": [0, 0, 9.3125, 0.1875], "texture": "#1"},
				"south": {"uv": [0, 0, 0.9375, 0.1875], "texture": "#1"},
				"west": {"uv": [0, 0, 9.3125, 0.1875], "texture": "#1"},
				"up": {"uv": [0, 0, 0.9375, 9.3125], "texture": "#1"},
				"down": {"uv": [0, 0, 0.9375, 9.3125], "texture": "#1"}
			}
		},
		{
			"from": [7.9375, 14.5625, -7.25],
			"to": [8.5, 14.75, -3.5],
			"faces": {
				"north": {"uv": [0, 0, 5, 5], "texture": "#3"},
				"east": {"uv": [0, 0, 4, 5], "texture": "#3"},
				"south": {"uv": [0, 0, 5, 5], "texture": "#3"},
				"west": {"uv": [0, 0, 4, 5], "texture": "#3"},
				"up": {"uv": [0, 0, 5, 5], "texture": "#3"},
				"down": {"uv": [0, 0, 5, 5], "texture": "#3"}
			}
		},
		{
			"from": [7.8125, 14.375, -7.4375],
			"to": [8.625, 14.5625, -3.3125],
			"faces": {
				"north": {"uv": [0, 0, 5, 5], "texture": "#3"},
				"east": {"uv": [0, 0, 4, 5], "texture": "#3"},
				"south": {"uv": [0, 0, 5, 5], "texture": "#3"},
				"west": {"uv": [0, 0, 4, 5], "texture": "#3"},
				"up": {"uv": [0, 0, 5, 5], "texture": "#3"},
				"down": {"uv": [0, 0, 5, 5], "texture": "#3"}
			}
		},
		{
			"from": [7.8125, 14.1875, -3.625],
			"to": [8.625, 14.4375, -3.4375],
			"rotation": {"angle": 45, "axis": "x", "origin": [8.21875, 14.28125, -3.40625]},
			"faces": {
				"north": {"uv": [0, 0, 5, 5], "texture": "#3"},
				"east": {"uv": [0, 0, 4, 5], "texture": "#3"},
				"south": {"uv": [0, 0, 5, 5], "texture": "#3"},
				"west": {"uv": [0, 0, 4, 5], "texture": "#3"},
				"up": {"uv": [0, 0, 5, 5], "texture": "#3"},
				"down": {"uv": [0, 0, 5, 5], "texture": "#3"}
			}
		},
		{
			"from": [7.8125, 14.1875, -5.25],
			"to": [8.625, 14.375, -5.0625],
			"faces": {
				"north": {"uv": [0, 0, 5, 5], "texture": "#3"},
				"east": {"uv": [0, 0, 4, 5], "texture": "#3"},
				"south": {"uv": [0, 0, 5, 5], "texture": "#3"},
				"west": {"uv": [0, 0, 4, 5], "texture": "#3"},
				"up": {"uv": [0, 0, 5, 5], "texture": "#3"},
				"down": {"uv": [0, 0, 5, 5], "texture": "#3"}
			}
		},
		{
			"from": [7.8125, 14.1875, -7],
			"to": [8.625, 14.375, -6.8125],
			"faces": {
				"north": {"uv": [0, 0, 5, 5], "texture": "#3"},
				"east": {"uv": [0, 0, 4, 5], "texture": "#3"},
				"south": {"uv": [0, 0, 5, 5], "texture": "#3"},
				"west": {"uv": [0, 0, 4, 5], "texture": "#3"},
				"up": {"uv": [0, 0, 5, 5], "texture": "#3"},
				"down": {"uv": [0, 0, 5, 5], "texture": "#3"}
			}
		},
		{
			"from": [7.8125, 14.1875, -4.375],
			"to": [8.625, 14.375, -4.1875],
			"faces": {
				"north": {"uv": [0, 0, 5, 5], "texture": "#3"},
				"east": {"uv": [0, 0, 4, 5], "texture": "#3"},
				"south": {"uv": [0, 0, 5, 5], "texture": "#3"},
				"west": {"uv": [0, 0, 4, 5], "texture": "#3"},
				"up": {"uv": [0, 0, 5, 5], "texture": "#3"},
				"down": {"uv": [0, 0, 5, 5], "texture": "#3"}
			}
		},
		{
			"from": [7.8125, 14.1875, -6.125],
			"to": [8.625, 14.375, -5.9375],
			"faces": {
				"north": {"uv": [0, 0, 5, 5], "texture": "#3"},
				"east": {"uv": [0, 0, 4, 5], "texture": "#3"},
				"south": {"uv": [0, 0, 5, 5], "texture": "#3"},
				"west": {"uv": [0, 0, 4, 5], "texture": "#3"},
				"up": {"uv": [0, 0, 5, 5], "texture": "#3"},
				"down": {"uv": [0, 0, 5, 5], "texture": "#3"}
			}
		},
		{
			"from": [7.8125, 14.1875, -3.9375],
			"to": [8.625, 14.375, -3.75],
			"faces": {
				"north": {"uv": [0, 0, 5, 5], "texture": "#3"},
				"east": {"uv": [0, 0, 4, 5], "texture": "#3"},
				"south": {"uv": [0, 0, 5, 5], "texture": "#3"},
				"west": {"uv": [0, 0, 4, 5], "texture": "#3"},
				"up": {"uv": [0, 0, 5, 5], "texture": "#3"},
				"down": {"uv": [0, 0, 5, 5], "texture": "#3"}
			}
		},
		{
			"from": [7.8125, 14.1875, -5.6875],
			"to": [8.625, 14.375, -5.5],
			"faces": {
				"north": {"uv": [0, 0, 5, 5], "texture": "#3"},
				"east": {"uv": [0, 0, 4, 5], "texture": "#3"},
				"south": {"uv": [0, 0, 5, 5], "texture": "#3"},
				"west": {"uv": [0, 0, 4, 5], "texture": "#3"},
				"up": {"uv": [0, 0, 5, 5], "texture": "#3"},
				"down": {"uv": [0, 0, 5, 5], "texture": "#3"}
			}
		},
		{
			"from": [7.8125, 14.1875, -7.3125],
			"to": [8.625, 14.4375, -7.125],
			"rotation": {"angle": -45, "axis": "x", "origin": [8.21875, 14.28125, -7.34375]},
			"faces": {
				"north": {"uv": [0, 0, 5, 5], "texture": "#3"},
				"east": {"uv": [0, 0, 4, 5], "texture": "#3"},
				"south": {"uv": [0, 0, 5, 5], "texture": "#3"},
				"west": {"uv": [0, 0, 4, 5], "texture": "#3"},
				"up": {"uv": [0, 0, 5, 5], "texture": "#3"},
				"down": {"uv": [0, 0, 5, 5], "texture": "#3"}
			}
		},
		{
			"from": [7.8125, 14.1875, -4.8125],
			"to": [8.625, 14.375, -4.625],
			"faces": {
				"north": {"uv": [0, 0, 5, 5], "texture": "#3"},
				"east": {"uv": [0, 0, 4, 5], "texture": "#3"},
				"south": {"uv": [0, 0, 5, 5], "texture": "#3"},
				"west": {"uv": [0, 0, 4, 5], "texture": "#3"},
				"up": {"uv": [0, 0, 5, 5], "texture": "#3"},
				"down": {"uv": [0, 0, 5, 5], "texture": "#3"}
			}
		},
		{
			"from": [7.8125, 14.1875, -6.5625],
			"to": [8.625, 14.375, -6.375],
			"faces": {
				"north": {"uv": [0, 0, 5, 5], "texture": "#3"},
				"east": {"uv": [0, 0, 4, 5], "texture": "#3"},
				"south": {"uv": [0, 0, 5, 5], "texture": "#3"},
				"west": {"uv": [0, 0, 4, 5], "texture": "#3"},
				"up": {"uv": [0, 0, 5, 5], "texture": "#3"},
				"down": {"uv": [0, 0, 5, 5], "texture": "#3"}
			}
		},
		{
			"from": [7.75, 13.8125, -2.5],
			"to": [8.6875, 14, -0.5],
			"rotation": {"angle": 22.5, "axis": "x", "origin": [8.21875, 14.65625, -0.1875]},
			"faces": {
				"north": {"uv": [0, 0, 0.9375, 0.1875], "texture": "#1"},
				"east": {"uv": [0, 0, 2, 0.1875], "texture": "#1"},
				"south": {"uv": [0, 0, 0.9375, 0.1875], "texture": "#1"},
				"west": {"uv": [0, 0, 2, 0.1875], "texture": "#1"},
				"up": {"uv": [0, 0, 0.9375, 2], "texture": "#1"},
				"down": {"uv": [0, 0, 0.9375, 2], "texture": "#1"}
			}
		},
		{
			"from": [7.75, 14.5625, -2.1875],
			"to": [8.6875, 14.75, -0.875],
			"rotation": {"angle": 0, "axis": "x", "origin": [8.21875, 14.65625, -0.1875]},
			"faces": {
				"north": {"uv": [0, 0, 0.9375, 0.1875], "texture": "#1"},
				"east": {"uv": [0, 0, 1.3125, 0.1875], "texture": "#1"},
				"south": {"uv": [0, 0, 0.9375, 0.1875], "texture": "#1"},
				"west": {"uv": [0, 0, 1.3125, 0.1875], "texture": "#1"},
				"up": {"uv": [0, 0, 0.9375, 1.3125], "texture": "#1"},
				"down": {"uv": [0, 0, 0.9375, 1.3125], "texture": "#1"}
			}
		},
		{
			"from": [7.75, 14.375, -1.6875],
			"to": [8.6875, 14.5625, -0.875],
			"rotation": {"angle": 0, "axis": "x", "origin": [8.21875, 14.65625, -0.1875]},
			"faces": {
				"north": {"uv": [0, 0, 0.9375, 0.1875], "texture": "#1"},
				"east": {"uv": [0, 0, 0.8125, 0.1875], "texture": "#1"},
				"south": {"uv": [0, 0, 0.9375, 0.1875], "texture": "#1"},
				"west": {"uv": [0, 0, 0.8125, 0.1875], "texture": "#1"},
				"up": {"uv": [0, 0, 0.9375, 0.8125], "texture": "#1"},
				"down": {"uv": [0, 0, 0.9375, 0.8125], "texture": "#1"}
			}
		},
		{
			"from": [7.75, 14.1875, -1.25],
			"to": [8.6875, 14.375, -0.875],
			"rotation": {"angle": 0, "axis": "x", "origin": [8.21875, 14.65625, -0.1875]},
			"faces": {
				"north": {"uv": [0, 0, 0.9375, 0.1875], "texture": "#1"},
				"east": {"uv": [0, 0, 0.375, 0.1875], "texture": "#1"},
				"south": {"uv": [0, 0, 0.9375, 0.1875], "texture": "#1"},
				"west": {"uv": [0, 0, 0.375, 0.1875], "texture": "#1"},
				"up": {"uv": [0, 0, 0.9375, 0.375], "texture": "#1"},
				"down": {"uv": [0, 0, 0.9375, 0.375], "texture": "#1"}
			}
		},
		{
			"from": [7.75, 12.98185, -0.91472],
			"to": [8.6875, 14.79435, -0.72722],
			"rotation": {"angle": 0, "axis": "x", "origin": [8.21875, 14.10685, -0.82097]},
			"faces": {
				"north": {"uv": [0, 0, 0.9375, 1.8125], "rotation": 180, "texture": "#1"},
				"east": {"uv": [0, 0, 1.8125, 0.1875], "rotation": 270, "texture": "#1"},
				"south": {"uv": [0, 0, 0.9375, 1.8125], "texture": "#1"},
				"west": {"uv": [0, 0, 1.8125, 0.1875], "rotation": 90, "texture": "#1"},
				"up": {"uv": [0, 0, 0.9375, 0.1875], "rotation": 180, "texture": "#1"},
				"down": {"uv": [0, 0, 0.9375, 0.1875], "texture": "#1"}
			}
		},
		{
			"from": [7.75, 12.7006, -1.07097],
			"to": [8.6875, 13.0131, 1.74153],
			"rotation": {"angle": 0, "axis": "x", "origin": [8.21875, 14.10685, -0.82097]},
			"faces": {
				"north": {"uv": [0, 0, 0.9375, 0.3125], "rotation": 180, "texture": "#1"},
				"east": {"uv": [0, 0, 2.8125, 0.3125], "rotation": 180, "texture": "#1"},
				"south": {"uv": [0, 0, 0.9375, 0.3125], "rotation": 180, "texture": "#1"},
				"west": {"uv": [0, 0, 2.8125, 0.3125], "rotation": 180, "texture": "#1"},
				"up": {"uv": [0, 0, 0.9375, 2.8125], "texture": "#1"},
				"down": {"uv": [0, 0, 0.9375, 2.8125], "texture": "#1"}
			}
		},
		{
			"from": [7.75, 7.6381, 1.67903],
			"to": [8.6875, 12.4506, 1.99153],
			"rotation": {"angle": -22.5, "axis": "x", "origin": [8.21875, 12.85685, 0.33528]},
			"faces": {
				"north": {"uv": [0, 0, 0.9375, 4.8125], "rotation": 180, "texture": "#1"},
				"east": {"uv": [0, 0, 4.8125, 0.3125], "rotation": 270, "texture": "#1"},
				"south": {"uv": [0, 0, 0.9375, 4.8125], "texture": "#1"},
				"west": {"uv": [0, 0, 4.8125, 0.3125], "rotation": 90, "texture": "#1"},
				"up": {"uv": [0, 0, 0.9375, 0.3125], "rotation": 180, "texture": "#1"},
				"down": {"uv": [0, 0, 0.9375, 0.3125], "texture": "#1"}
			}
		},
		{
			"from": [7.375, 8.30121, 3.14115],
			"to": [8.9375, 8.86371, 7.95365],
			"rotation": {"angle": 0, "axis": "x", "origin": [8.21875, 10.83246, 2.7974]},
			"faces": {
				"north": {"uv": [0, 0, 1.5625, 0.5625], "rotation": 180, "texture": "#1"},
				"east": {"uv": [0, 0, 4.8125, 0.5625], "rotation": 180, "texture": "#1"},
				"south": {"uv": [0, 0, 1.5625, 0.5625], "rotation": 180, "texture": "#1"},
				"west": {"uv": [0, 0, 4.8125, 0.5625], "rotation": 180, "texture": "#1"},
				"up": {"uv": [0, 0, 1.5625, 4.8125], "texture": "#1"},
				"down": {"uv": [0, 0, 1.5625, 4.8125], "texture": "#1"}
			}
		},
		{
			"from": [7.5, 7.80121, 2.95365],
			"to": [8.8125, 8.30121, 7.45365],
			"rotation": {"angle": 0, "axis": "x", "origin": [8.21875, 10.83246, 2.7974]},
			"faces": {
				"north": {"uv": [0, 0, 1.3125, 0.5], "rotation": 180, "texture": "#1"},
				"east": {"uv": [0, 0, 4.5, 0.5], "rotation": 180, "texture": "#1"},
				"south": {"uv": [0, 0, 1.3125, 0.5], "rotation": 180, "texture": "#1"},
				"west": {"uv": [0, 0, 4.5, 0.5], "rotation": 180, "texture": "#1"},
				"up": {"uv": [0, 0, 1.3125, 4.5], "texture": "#1"},
				"down": {"uv": [0, 0, 1.3125, 4.5], "texture": "#1"}
			}
		},
		{
			"from": [7.75, 6.1381, 5.36653],
			"to": [8.6875, 11.3881, 5.67903],
			"rotation": {"angle": -22.5, "axis": "x", "origin": [8.21875, 12.85685, 0.33528]},
			"faces": {
				"north": {"uv": [0, 0, 0.9375, 5.25], "rotation": 180, "texture": "#1"},
				"east": {"uv": [0, 0, 5.25, 0.3125], "rotation": 270, "texture": "#1"},
				"south": {"uv": [0, 0, 0.9375, 5.25], "texture": "#1"},
				"west": {"uv": [0, 0, 5.25, 0.3125], "rotation": 90, "texture": "#1"},
				"up": {"uv": [0, 0, 0.9375, 0.3125], "rotation": 180, "texture": "#1"},
				"down": {"uv": [0, 0, 0.9375, 0.3125], "texture": "#1"}
			}
		},
		{
			"from": [7.75, 13.41002, 6.03486],
			"to": [8.6875, 13.72252, 8.34736],
			"rotation": {"angle": -45, "axis": "x", "origin": [8.21875, 12.87877, 5.94111]},
			"faces": {
				"north": {"uv": [0, 0, 0.9375, 0.3125], "rotation": 180, "texture": "#1"},
				"east": {"uv": [0, 0, 2.3125, 0.3125], "rotation": 180, "texture": "#1"},
				"south": {"uv": [0, 0, 0.9375, 0.3125], "rotation": 180, "texture": "#1"},
				"west": {"uv": [0, 0, 2.3125, 0.3125], "rotation": 180, "texture": "#1"},
				"up": {"uv": [0, 0, 0.9375, 2.3125], "texture": "#1"},
				"down": {"uv": [0, 0, 0.9375, 2.3125], "texture": "#1"}
			}
		},
		{
			"from": [7.75, 14.72252, 6.78486],
			"to": [8.6875, 15.22252, 8.65986],
			"rotation": {"angle": 0, "axis": "x", "origin": [8.21875, 12.87877, 5.94111]},
			"faces": {
				"north": {"uv": [0, 0, 0.9375, 0.5], "rotation": 180, "texture": "#1"},
				"east": {"uv": [0, 0, 1.875, 0.5], "rotation": 180, "texture": "#1"},
				"south": {"uv": [0, 0, 0.9375, 0.5], "rotation": 180, "texture": "#1"},
				"west": {"uv": [0, 0, 1.875, 0.5], "rotation": 180, "texture": "#1"},
				"up": {"uv": [0, 0, 0.9375, 1.875], "texture": "#1"},
				"down": {"uv": [0, 0, 0.9375, 1.875], "texture": "#1"}
			}
		},
		{
			"from": [7.75, 14.4231, 8.36973],
			"to": [8.6875, 14.9856, 8.86973],
			"rotation": {"angle": 45, "axis": "x", "origin": [8.21875, 14.82935, 8.74473]},
			"faces": {
				"north": {"uv": [0, 0, 0.9375, 0.5625], "rotation": 180, "texture": "#1"},
				"east": {"uv": [0, 0, 0.5, 0.5625], "rotation": 180, "texture": "#1"},
				"south": {"uv": [0, 0, 0.9375, 0.5625], "rotation": 180, "texture": "#1"},
				"west": {"uv": [0, 0, 0.5, 0.5625], "rotation": 180, "texture": "#1"},
				"up": {"uv": [0, 0, 0.9375, 0.5], "texture": "#1"},
				"down": {"uv": [0, 0, 0.9375, 0.5], "texture": "#1"}
			}
		},
		{
			"from": [7.75, 14.6731, 7.24473],
			"to": [8.6875, 14.8606, 7.74473],
			"rotation": {"angle": 22.5, "axis": "x", "origin": [8.21875, 14.82935, 8.74473]},
			"faces": {
				"north": {"uv": [0, 0, 0.9375, 0.1875], "rotation": 180, "texture": "#1"},
				"east": {"uv": [0, 0, 0.5, 0.1875], "rotation": 180, "texture": "#1"},
				"south": {"uv": [0, 0, 0.9375, 0.1875], "rotation": 180, "texture": "#1"},
				"west": {"uv": [0, 0, 0.5, 0.1875], "rotation": 180, "texture": "#1"},
				"up": {"uv": [0, 0, 0.9375, 0.5], "texture": "#1"},
				"down": {"uv": [0, 0, 0.9375, 0.5], "texture": "#1"}
			}
		},
		{
			"from": [7.5625, 12.97252, 3.59736],
			"to": [7.875, 15.28502, 5.28486],
			"rotation": {"angle": 45, "axis": "x", "origin": [8.21875, 12.87877, 5.94111]},
			"faces": {
				"north": {"uv": [0, 0, 2.3125, 0.3125], "rotation": 270, "texture": "#1"},
				"east": {"uv": [0, 0, 1.6875, 2.3125], "texture": "#1"},
				"south": {"uv": [0, 0, 2.3125, 0.3125], "rotation": 90, "texture": "#1"},
				"west": {"uv": [0, 0, 1.6875, 2.3125], "rotation": 180, "texture": "#1"},
				"up": {"uv": [0, 0, 1.6875, 0.3125], "rotation": 90, "texture": "#1"},
				"down": {"uv": [0, 0, 1.6875, 0.3125], "rotation": 90, "texture": "#1"}
			}
		},
		{
			"from": [8.5625, 12.97252, 3.59736],
			"to": [8.875, 15.28502, 5.28486],
			"rotation": {"angle": 45, "axis": "x", "origin": [8.21875, 12.87877, 5.94111]},
			"faces": {
				"north": {"uv": [0, 0, 2.3125, 0.3125], "rotation": 270, "texture": "#1"},
				"east": {"uv": [0, 0, 1.6875, 2.3125], "texture": "#1"},
				"south": {"uv": [0, 0, 2.3125, 0.3125], "rotation": 90, "texture": "#1"},
				"west": {"uv": [0, 0, 1.6875, 2.3125], "rotation": 180, "texture": "#1"},
				"up": {"uv": [0, 0, 1.6875, 0.3125], "rotation": 90, "texture": "#1"},
				"down": {"uv": [0, 0, 1.6875, 0.3125], "rotation": 90, "texture": "#1"}
			}
		},
		{
			"from": [7.5625, 9.91348, 3.05564],
			"to": [7.875, 17.03848, 6.49314],
			"rotation": {"angle": -22.5, "axis": "x", "origin": [8.21875, 11.31973, 6.58689]},
			"faces": {
				"north": {"uv": [0, 0, 7.125, 0.3125], "rotation": 90, "texture": "#1"},
				"east": {"uv": [0, 0, 3.4375, 7.125], "rotation": 180, "texture": "#1"},
				"south": {"uv": [0, 0, 7.125, 0.3125], "rotation": 270, "texture": "#1"},
				"west": {"uv": [0, 0, 3.4375, 7.125], "texture": "#1"},
				"up": {"uv": [0, 0, 3.4375, 0.3125], "rotation": 270, "texture": "#1"},
				"down": {"uv": [0, 0, 3.4375, 0.3125], "rotation": 270, "texture": "#1"}
			}
		},
		{
			"from": [7.5625, 8.66348, 3.74314],
			"to": [7.875, 10.03848, 6.99314],
			"rotation": {"angle": 0, "axis": "x", "origin": [8.21875, 11.31973, 6.58689]},
			"faces": {
				"north": {"uv": [0, 0, 1.375, 0.3125], "rotation": 90, "texture": "#1"},
				"east": {"uv": [0, 0, 3.25, 1.375], "rotation": 180, "texture": "#1"},
				"south": {"uv": [0, 0, 1.375, 0.3125], "rotation": 270, "texture": "#1"},
				"west": {"uv": [0, 0, 3.25, 1.375], "texture": "#1"},
				"up": {"uv": [0, 0, 3.25, 0.3125], "rotation": 270, "texture": "#1"},
				"down": {"uv": [0, 0, 3.25, 0.3125], "rotation": 270, "texture": "#1"}
			}
		},
		{
			"from": [8.5625, 8.66348, 3.74314],
			"to": [8.875, 10.03848, 6.99314],
			"rotation": {"angle": 0, "axis": "x", "origin": [9.21875, 11.31973, 6.58689]},
			"faces": {
				"north": {"uv": [0, 0, 1.375, 0.3125], "rotation": 90, "texture": "#1"},
				"east": {"uv": [0, 0, 3.25, 1.375], "rotation": 180, "texture": "#1"},
				"south": {"uv": [0, 0, 1.375, 0.3125], "rotation": 270, "texture": "#1"},
				"west": {"uv": [0, 0, 3.25, 1.375], "texture": "#1"},
				"up": {"uv": [0, 0, 3.25, 0.3125], "rotation": 270, "texture": "#1"},
				"down": {"uv": [0, 0, 3.25, 0.3125], "rotation": 270, "texture": "#1"}
			}
		},
		{
			"from": [7.5625, 8.66348, 5.93064],
			"to": [7.875, 10.03848, 6.49314],
			"rotation": {"angle": -22.5, "axis": "x", "origin": [8.21875, 11.31973, 6.58689]},
			"faces": {
				"north": {"uv": [0, 0, 1.375, 0.3125], "rotation": 90, "texture": "#1"},
				"east": {"uv": [0, 0, 0.5625, 1.375], "rotation": 180, "texture": "#1"},
				"south": {"uv": [0, 0, 1.375, 0.3125], "rotation": 270, "texture": "#1"},
				"west": {"uv": [0, 0, 0.5625, 1.375], "texture": "#1"},
				"up": {"uv": [0, 0, 0.5625, 0.3125], "rotation": 270, "texture": "#1"},
				"down": {"uv": [0, 0, 0.5625, 0.3125], "rotation": 270, "texture": "#1"}
			}
		},
		{
			"from": [8.5625, 8.66348, 5.93064],
			"to": [8.875, 10.03848, 6.49314],
			"rotation": {"angle": -22.5, "axis": "x", "origin": [9.21875, 11.31973, 6.58689]},
			"faces": {
				"north": {"uv": [0, 0, 1.375, 0.3125], "rotation": 90, "texture": "#1"},
				"east": {"uv": [0, 0, 0.5625, 1.375], "rotation": 180, "texture": "#1"},
				"south": {"uv": [0, 0, 1.375, 0.3125], "rotation": 270, "texture": "#1"},
				"west": {"uv": [0, 0, 0.5625, 1.375], "texture": "#1"},
				"up": {"uv": [0, 0, 0.5625, 0.3125], "rotation": 270, "texture": "#1"},
				"down": {"uv": [0, 0, 0.5625, 0.3125], "rotation": 270, "texture": "#1"}
			}
		},
		{
			"from": [8.5625, 9.91348, 3.05564],
			"to": [8.875, 17.03848, 6.49314],
			"rotation": {"angle": -22.5, "axis": "x", "origin": [8.21875, 11.31973, 6.58689]},
			"faces": {
				"north": {"uv": [0, 0, 7.125, 0.3125], "rotation": 90, "texture": "#1"},
				"east": {"uv": [0, 0, 3.4375, 7.125], "rotation": 180, "texture": "#1"},
				"south": {"uv": [0, 0, 7.125, 0.3125], "rotation": 270, "texture": "#1"},
				"west": {"uv": [0, 0, 3.4375, 7.125], "texture": "#1"},
				"up": {"uv": [0, 0, 3.4375, 0.3125], "rotation": 270, "texture": "#1"},
				"down": {"uv": [0, 0, 3.4375, 0.3125], "rotation": 270, "texture": "#1"}
			}
		},
		{
			"from": [8.875, 10.53848, 3.30564],
			"to": [9.0625, 14.47598, 6.30564],
			"rotation": {"angle": -22.5, "axis": "x", "origin": [8.21875, 11.31973, 6.58689]},
			"faces": {
				"north": {"uv": [0, 0, 4, 5], "rotation": 90, "texture": "#3"},
				"east": {"uv": [0, 0, 5, 5], "rotation": 180, "texture": "#3"},
				"south": {"uv": [0, 0, 4, 5], "rotation": 270, "texture": "#3"},
				"west": {"uv": [0, 0, 5, 5], "texture": "#3"},
				"up": {"uv": [0, 0, 5, 5], "rotation": 270, "texture": "#3"},
				"down": {"uv": [0, 0, 5, 5], "rotation": 270, "texture": "#3"}
			}
		},
		{
			"from": [7.375, 10.53848, 3.30564],
			"to": [7.5625, 14.47598, 6.30564],
			"rotation": {"angle": -22.5, "axis": "x", "origin": [6.71875, 11.31973, 6.58689]},
			"faces": {
				"north": {"uv": [0, 0, 4, 5], "rotation": 90, "texture": "#3"},
				"east": {"uv": [0, 0, 5, 5], "rotation": 180, "texture": "#3"},
				"south": {"uv": [0, 0, 4, 5], "rotation": 270, "texture": "#3"},
				"west": {"uv": [0, 0, 5, 5], "texture": "#3"},
				"up": {"uv": [0, 0, 5, 5], "rotation": 270, "texture": "#3"},
				"down": {"uv": [0, 0, 5, 5], "rotation": 270, "texture": "#3"}
			}
		},
		{
			"from": [8.875, 12.95393, 2.36179],
			"to": [9.0625, 14.14143, 5.11179],
			"rotation": {"angle": 0, "axis": "x", "origin": [9.03125, 11.73518, 4.48679]},
			"faces": {
				"north": {"uv": [0, 0, 4, 5], "rotation": 90, "texture": "#3"},
				"east": {"uv": [0, 0, 5, 5], "rotation": 180, "texture": "#3"},
				"south": {"uv": [0, 0, 4, 5], "rotation": 270, "texture": "#3"},
				"west": {"uv": [0, 0, 5, 5], "texture": "#3"},
				"up": {"uv": [0, 0, 5, 5], "rotation": 270, "texture": "#3"},
				"down": {"uv": [0, 0, 5, 5], "rotation": 270, "texture": "#3"}
			}
		},
		{
			"from": [7.375, 12.95393, 2.36179],
			"to": [7.5625, 14.14143, 5.11179],
			"rotation": {"angle": 0, "axis": "x", "origin": [7.53125, 11.73518, 4.48679]},
			"faces": {
				"north": {"uv": [0, 0, 4, 5], "rotation": 90, "texture": "#3"},
				"east": {"uv": [0, 0, 5, 5], "rotation": 180, "texture": "#3"},
				"south": {"uv": [0, 0, 4, 5], "rotation": 270, "texture": "#3"},
				"west": {"uv": [0, 0, 5, 5], "texture": "#3"},
				"up": {"uv": [0, 0, 5, 5], "rotation": 270, "texture": "#3"},
				"down": {"uv": [0, 0, 5, 5], "rotation": 270, "texture": "#3"}
			}
		},
		{
			"from": [8.875, 14.14143, 3.98679],
			"to": [9.0625, 14.64143, 5.11179],
			"rotation": {"angle": 0, "axis": "x", "origin": [9.03125, 11.73518, 4.48679]},
			"faces": {
				"north": {"uv": [0, 0, 4, 5], "rotation": 90, "texture": "#3"},
				"east": {"uv": [0, 0, 5, 5], "rotation": 180, "texture": "#3"},
				"south": {"uv": [0, 0, 4, 5], "rotation": 270, "texture": "#3"},
				"west": {"uv": [0, 0, 5, 5], "texture": "#3"},
				"up": {"uv": [0, 0, 5, 5], "rotation": 270, "texture": "#3"},
				"down": {"uv": [0, 0, 5, 5], "rotation": 270, "texture": "#3"}
			}
		},
		{
			"from": [7.375, 14.14143, 3.98679],
			"to": [7.5625, 14.64143, 5.11179],
			"rotation": {"angle": 0, "axis": "x", "origin": [7.53125, 11.73518, 4.48679]},
			"faces": {
				"north": {"uv": [0, 0, 4, 5], "rotation": 90, "texture": "#3"},
				"east": {"uv": [0, 0, 5, 5], "rotation": 180, "texture": "#3"},
				"south": {"uv": [0, 0, 4, 5], "rotation": 270, "texture": "#3"},
				"west": {"uv": [0, 0, 5, 5], "texture": "#3"},
				"up": {"uv": [0, 0, 5, 5], "rotation": 270, "texture": "#3"},
				"down": {"uv": [0, 0, 5, 5], "rotation": 270, "texture": "#3"}
			}
		},
		{
			"from": [8.875, 9.39143, 3.86179],
			"to": [9.0625, 10.57893, 6.61179],
			"rotation": {"angle": 0, "axis": "x", "origin": [9.03125, 11.73518, 4.48679]},
			"faces": {
				"north": {"uv": [0, 0, 4, 5], "rotation": 90, "texture": "#3"},
				"east": {"uv": [0, 0, 5, 5], "rotation": 180, "texture": "#3"},
				"south": {"uv": [0, 0, 4, 5], "rotation": 270, "texture": "#3"},
				"west": {"uv": [0, 0, 5, 5], "texture": "#3"},
				"up": {"uv": [0, 0, 5, 5], "rotation": 270, "texture": "#3"},
				"down": {"uv": [0, 0, 5, 5], "rotation": 270, "texture": "#3"}
			}
		},
		{
			"from": [7.375, 9.39143, 3.86179],
			"to": [7.5625, 10.57893, 6.61179],
			"rotation": {"angle": 0, "axis": "x", "origin": [7.53125, 11.73518, 4.48679]},
			"faces": {
				"north": {"uv": [0, 0, 4, 5], "rotation": 90, "texture": "#3"},
				"east": {"uv": [0, 0, 5, 5], "rotation": 180, "texture": "#3"},
				"south": {"uv": [0, 0, 4, 5], "rotation": 270, "texture": "#3"},
				"west": {"uv": [0, 0, 5, 5], "texture": "#3"},
				"up": {"uv": [0, 0, 5, 5], "rotation": 270, "texture": "#3"},
				"down": {"uv": [0, 0, 5, 5], "rotation": 270, "texture": "#3"}
			}
		},
		{
			"from": [7.75, 12.9506, -1.19597],
			"to": [8.6875, 13.2631, -0.88347],
			"rotation": {"angle": 45, "axis": "x", "origin": [8.21875, 12.85685, -1.03972]},
			"faces": {
				"north": {"uv": [0, 0, 0.9375, 0.3125], "rotation": 180, "texture": "#1"},
				"east": {"uv": [0, 0, 0.3125, 0.3125], "rotation": 180, "texture": "#1"},
				"south": {"uv": [0, 0, 0.9375, 0.3125], "rotation": 180, "texture": "#1"},
				"west": {"uv": [0, 0, 0.3125, 0.3125], "rotation": 180, "texture": "#1"},
				"up": {"uv": [0, 0, 0.9375, 0.3125], "texture": "#1"},
				"down": {"uv": [0, 0, 0.9375, 0.3125], "texture": "#1"}
			}
		},
		{
			"from": [7.75, 12.7006, 1.49153],
			"to": [8.6875, 13.0131, 2.99153],
			"rotation": {"angle": -45, "axis": "x", "origin": [8.21875, 12.85685, 1.58528]},
			"faces": {
				"north": {"uv": [0, 0, 0.9375, 0.3125], "rotation": 180, "texture": "#1"},
				"east": {"uv": [0, 0, 1.5, 0.3125], "rotation": 180, "texture": "#1"},
				"south": {"uv": [0, 0, 0.9375, 0.3125], "rotation": 180, "texture": "#1"},
				"west": {"uv": [0, 0, 1.5, 0.3125], "rotation": 180, "texture": "#1"},
				"up": {"uv": [0, 0, 0.9375, 1.5], "texture": "#1"},
				"down": {"uv": [0, 0, 0.9375, 1.5], "texture": "#1"}
			}
		},
		{
			"from": [7.75, 13.85214, 0.42432],
			"to": [8, 14.22714, 2.17432],
			"rotation": {"angle": 45, "axis": "x", "origin": [8.21875, 13.32089, 2.04932]},
			"faces": {
				"north": {"uv": [0, 0, 0.25, 0.375], "texture": "#1"},
				"east": {"uv": [0, 0, 1.75, 0.375], "texture": "#1"},
				"south": {"uv": [0, 0, 0.25, 0.375], "texture": "#1"},
				"west": {"uv": [0, 0, 1.75, 0.375], "texture": "#1"},
				"up": {"uv": [0, 0, 0.25, 1.75], "texture": "#1"},
				"down": {"uv": [0, 0, 0.25, 1.75], "texture": "#1"}
			}
		},
		{
			"from": [8.4375, 13.85214, 0.42432],
			"to": [8.6875, 14.22714, 2.17432],
			"rotation": {"angle": 45, "axis": "x", "origin": [8.21875, 13.32089, 2.04932]},
			"faces": {
				"north": {"uv": [0, 0, 0.25, 0.375], "texture": "#1"},
				"east": {"uv": [0, 0, 1.75, 0.375], "texture": "#1"},
				"south": {"uv": [0, 0, 0.25, 0.375], "texture": "#1"},
				"west": {"uv": [0, 0, 1.75, 0.375], "texture": "#1"},
				"up": {"uv": [0, 0, 0.25, 1.75], "texture": "#1"},
				"down": {"uv": [0, 0, 0.25, 1.75], "texture": "#1"}
			}
		},
		{
			"from": [8, 13.85214, 1.29932],
			"to": [8.4375, 14.22714, 2.17432],
			"rotation": {"angle": 45, "axis": "x", "origin": [8.21875, 13.32089, 2.04932]},
			"faces": {
				"north": {"uv": [0, 0, 0.4375, 0.375], "texture": "#1"},
				"east": {"uv": [0, 0, 0.875, 0.375], "texture": "#1"},
				"south": {"uv": [0, 0, 0.4375, 0.375], "texture": "#1"},
				"west": {"uv": [0, 0, 0.875, 0.375], "texture": "#1"},
				"up": {"uv": [0, 0, 0.4375, 0.875], "texture": "#1"},
				"down": {"uv": [0, 0, 0.4375, 0.875], "texture": "#1"}
			}
		},
		{
			"from": [7.9375, 13.4375, 0.75],
			"to": [8.5, 15.5, 1.25],
			"rotation": {"angle": 22.5, "axis": "x", "origin": [8.21875, 14.375, 1]},
			"faces": {
				"north": {"uv": [0, 0, 0.5625, 2.0625], "texture": "#0"},
				"east": {"uv": [0, 0, 0.5, 2.0625], "texture": "#0"},
				"south": {"uv": [0, 0, 0.5625, 2.0625], "texture": "#0"},
				"west": {"uv": [0, 0, 0.5, 2.0625], "texture": "#0"},
				"up": {"uv": [0, 0, 0.5625, 0.5], "texture": "#0"},
				"down": {"uv": [0, 0, 0.5625, 0.5], "texture": "#0"}
			}
		},
		{
			"from": [7.9375, 14.04041, 6.49017],
			"to": [8.5, 15.97791, 7.49017],
			"rotation": {"angle": 45, "axis": "x", "origin": [8.21875, 15.63416, 7.67767]},
			"faces": {
				"north": {"uv": [0, 0, 0.5625, 1.9375], "texture": "#0"},
				"east": {"uv": [0, 0, 1, 1.9375], "texture": "#0"},
				"south": {"uv": [0, 0, 0.5625, 1.9375], "texture": "#0"},
				"west": {"uv": [0, 0, 1, 1.9375], "texture": "#0"},
				"up": {"uv": [0, 0, 0.5625, 1], "texture": "#0"},
				"down": {"uv": [0, 0, 0.5625, 1], "texture": "#0"}
			}
		},
		{
			"from": [7.9375, 16.02498, 7.47565],
			"to": [8.5, 16.39998, 7.85065],
			"rotation": {"angle": 22.5, "axis": "x", "origin": [8.21875, 16.27498, 7.78815]},
			"faces": {
				"north": {"uv": [0, 0, 0.5625, 0.375], "texture": "#0"},
				"east": {"uv": [0, 0, 0.375, 0.375], "texture": "#0"},
				"south": {"uv": [0, 0, 0.5625, 0.375], "texture": "#0"},
				"west": {"uv": [0, 0, 0.375, 0.375], "texture": "#0"},
				"up": {"uv": [0, 0, 0.5625, 0.375], "texture": "#0"},
				"down": {"uv": [0, 0, 0.5625, 0.375], "texture": "#0"}
			}
		},
		{
			"from": [7.9375, 15.86586, 6.28084],
			"to": [8.5, 16.36586, 8.46834],
			"rotation": {"angle": -22.5, "axis": "x", "origin": [8.21875, 15.67836, 6.74959]},
			"faces": {
				"north": {"uv": [0, 0, 0.5625, 0.5], "rotation": 180, "texture": "#0"},
				"east": {"uv": [0, 0, 0.5, 2.1875], "rotation": 270, "texture": "#0"},
				"south": {"uv": [0, 0, 0.5625, 0.5], "texture": "#0"},
				"west": {"uv": [0, 0, 0.5, 2.1875], "rotation": 90, "texture": "#0"},
				"up": {"uv": [0, 0, 0.5625, 2.1875], "rotation": 180, "texture": "#0"},
				"down": {"uv": [0, 0, 0.5625, 2.1875], "texture": "#0"}
			}
		},
		{
			"from": [7.75, 16.0757, 1.31207],
			"to": [7.8125, 16.7632, 3.49957],
			"rotation": {"angle": 0, "axis": "x", "origin": [8.21875, 15.73195, 1.56207]},
			"faces": {
				"north": {"uv": [0, 0, 0.0625, 0.6875], "texture": "#0"},
				"east": {"uv": [0, 0, 2.1875, 0.6875], "texture": "#0"},
				"south": {"uv": [0, 0, 0.0625, 0.6875], "texture": "#0"},
				"west": {"uv": [0, 0, 2.1875, 0.6875], "texture": "#0"},
				"up": {"uv": [0, 0, 0.0625, 2.1875], "texture": "#0"},
				"down": {"uv": [0, 0, 0.0625, 2.1875], "texture": "#0"}
			}
		},
		{
			"from": [7.5625, 16.6382, 1.31207],
			"to": [7.625, 16.8257, 3.49957],
			"rotation": {"angle": -45, "axis": "z", "origin": [7.78125, 16.41945, 1.56207]},
			"faces": {
				"north": {"uv": [0, 0, 0.0625, 0.1875], "texture": "#0"},
				"east": {"uv": [0, 0, 2.1875, 0.1875], "texture": "#0"},
				"south": {"uv": [0, 0, 0.0625, 0.1875], "texture": "#0"},
				"west": {"uv": [0, 0, 2.1875, 0.1875], "texture": "#0"},
				"up": {"uv": [0, 0, 0.0625, 2.1875], "texture": "#0"},
				"down": {"uv": [0, 0, 0.0625, 2.1875], "texture": "#0"}
			}
		},
		{
			"from": [8.5013, 16.01634, 1.31207],
			"to": [8.5638, 16.26634, 3.49957],
			"rotation": {"angle": -45, "axis": "z", "origin": [8.53255, 16.11009, 1.56207]},
			"faces": {
				"north": {"uv": [0, 0, 0.0625, 0.25], "rotation": 180, "texture": "#0"},
				"east": {"uv": [0, 0, 2.1875, 0.25], "rotation": 180, "texture": "#0"},
				"south": {"uv": [0, 0, 0.0625, 0.25], "rotation": 180, "texture": "#0"},
				"west": {"uv": [0, 0, 2.1875, 0.25], "rotation": 180, "texture": "#0"},
				"up": {"uv": [0, 0, 0.0625, 2.1875], "rotation": 180, "texture": "#0"},
				"down": {"uv": [0, 0, 0.0625, 2.1875], "rotation": 180, "texture": "#0"}
			}
		},
		{
			"from": [8.0638, 16.45384, 1.31207],
			"to": [8.1263, 16.70384, 3.49957],
			"rotation": {"angle": 45, "axis": "z", "origin": [8.53255, 16.11009, 1.56207]},
			"faces": {
				"north": {"uv": [0, 0, 0.0625, 0.25], "rotation": 180, "texture": "#0"},
				"east": {"uv": [0, 0, 2.1875, 0.25], "rotation": 180, "texture": "#0"},
				"south": {"uv": [0, 0, 0.0625, 0.25], "rotation": 180, "texture": "#0"},
				"west": {"uv": [0, 0, 2.1875, 0.25], "rotation": 180, "texture": "#0"},
				"up": {"uv": [0, 0, 0.0625, 2.1875], "rotation": 180, "texture": "#0"},
				"down": {"uv": [0, 0, 0.0625, 2.1875], "rotation": 180, "texture": "#0"}
			}
		},
		{
			"from": [8.55936, 16.27078, 1.31207],
			"to": [8.62186, 16.45828, 3.49957],
			"rotation": {"angle": 45, "axis": "z", "origin": [8.09061, 16.55203, 1.56207]},
			"faces": {
				"north": {"uv": [0, 0, 0.0625, 0.1875], "texture": "#0"},
				"east": {"uv": [0, 0, 2.1875, 0.1875], "texture": "#0"},
				"south": {"uv": [0, 0, 0.0625, 0.1875], "texture": "#0"},
				"west": {"uv": [0, 0, 2.1875, 0.1875], "texture": "#0"},
				"up": {"uv": [0, 0, 0.0625, 2.1875], "texture": "#0"},
				"down": {"uv": [0, 0, 0.0625, 2.1875], "texture": "#0"}
			}
		},
		{
			"from": [7.875, 16.8257, 1.31207],
			"to": [8.5625, 16.8882, 3.49957],
			"rotation": {"angle": 0, "axis": "z", "origin": [7.78125, 16.79445, 1.56207]},
			"faces": {
				"north": {"uv": [0, 0, 0.0625, 0.6875], "rotation": 270, "texture": "#0"},
				"east": {"uv": [0, 0, 0.0625, 2.1875], "rotation": 90, "texture": "#0"},
				"south": {"uv": [0, 0, 0.0625, 0.6875], "rotation": 90, "texture": "#0"},
				"west": {"uv": [0, 0, 0.0625, 2.1875], "rotation": 90, "texture": "#0"},
				"up": {"uv": [0, 0, 2.1875, 0.6875], "rotation": 90, "texture": "#0"},
				"down": {"uv": [0, 0, 2.1875, 0.6875], "rotation": 90, "texture": "#0"}
			}
		},
		{
			"from": [7.875, 16.0132, 1.31207],
			"to": [8.5625, 16.0757, 3.49957],
			"rotation": {"angle": 0, "axis": "z", "origin": [7.78125, 16.79445, 1.56207]},
			"faces": {
				"north": {"uv": [0, 0, 0.0625, 0.6875], "rotation": 270, "texture": "#0"},
				"east": {"uv": [0, 0, 0.0625, 2.1875], "rotation": 90, "texture": "#0"},
				"south": {"uv": [0, 0, 0.0625, 0.6875], "rotation": 90, "texture": "#0"},
				"west": {"uv": [0, 0, 0.0625, 2.1875], "rotation": 90, "texture": "#0"},
				"up": {"uv": [0, 0, 2.1875, 0.6875], "rotation": 90, "texture": "#0"},
				"down": {"uv": [0, 0, 2.1875, 0.6875], "rotation": 90, "texture": "#0"}
			}
		},
		{
			"from": [8.625, 16.0757, 1.31207],
			"to": [8.6875, 16.7632, 3.49957],
			"rotation": {"angle": 0, "axis": "x", "origin": [8.21875, 15.73195, 1.56207]},
			"faces": {
				"north": {"uv": [0, 0, 0.0625, 0.6875], "texture": "#0"},
				"east": {"uv": [0, 0, 2.1875, 0.6875], "texture": "#0"},
				"south": {"uv": [0, 0, 0.0625, 0.6875], "texture": "#0"},
				"west": {"uv": [0, 0, 2.1875, 0.6875], "texture": "#0"},
				"up": {"uv": [0, 0, 0.0625, 2.1875], "texture": "#0"},
				"down": {"uv": [0, 0, 0.0625, 2.1875], "texture": "#0"}
			}
		},
		{
			"from": [7.9375, 13.125, 1.0625],
			"to": [8.5, 13.6875, 1.5625],
			"rotation": {"angle": 45, "axis": "x", "origin": [8.21875, 14.375, 1]},
			"faces": {
				"north": {"uv": [0, 0, 0.5625, 0.5625], "texture": "#0"},
				"east": {"uv": [0, 0, 0.5, 0.5625], "texture": "#0"},
				"south": {"uv": [0, 0, 0.5625, 0.5625], "texture": "#0"},
				"west": {"uv": [0, 0, 0.5, 0.5625], "texture": "#0"},
				"up": {"uv": [0, 0, 0.5625, 0.5], "texture": "#0"},
				"down": {"uv": [0, 0, 0.5625, 0.5], "texture": "#0"}
			}
		}
	],
	"gui_light": "front",
	"display": {
		"thirdperson_righthand": {
			"translation": [0, -2, 3.5],
			"scale": [0.47, 0.47, 0.47]
		},
		"thirdperson_lefthand": {
			"translation": [0, -2.25, 3.75],
			"scale": [0.47, 0.47, 0.47]
		},
		"firstperson_righthand": {
			"rotation": [6, 0, 0],
			"translation": [6.5, -9.25, 1.5],
			"scale": [1.62, 1.62, 1.34]
		},
		"firstperson_lefthand": {
			"rotation": [6, -3, 0],
			"translation": [7.5, -9, -1.25],
			"scale": [1.62, 1.62, 1.32]
		},
		"ground": {
			"translation": [0, -2.5, 4.25],
			"scale": [0.63, 0.63, 0.63]
		},
		"gui": {
			"rotation": [51.75, -62, 54.25],
			"translation": [-3.75, -5.25, 0],
			"scale": [0.75, 0.75, 0.75]
		},
		"head": {
			"translation": [0, 6.25, 7.25]
		},
		"fixed": {
			"rotation": [0, 90, 0],
			"translation": [8.5, -4.25, -1]
		}
	},
	"groups": [
		{
			"name": "Upper",
			"origin": [8, 8, 8],
			"color": 0,
			"children": [0, 1, 2, 3, 4, 5, 6, 7, 8, 9, 10, 11, 12, 13, 14, 15, 16, 17, 18, 19, 20, 21, 22, 23, 24, 25, 26, 27, 28, 29, 30, 31, 32, 33, 34, 35, 36, 37, 38]
		},
		{
			"name": "Barrel",
			"origin": [8, 8, 8],
			"color": 0,
			"children": [39, 40, 41, 42, 43, 44, 45, 46, 47, 48, 49, 50]
		},
		{
			"name": "Lower-Part",
			"origin": [8, 8, 8],
			"color": 0,
			"children": [51, 52, 53, 54, 55, 56, 57, 58, 59, 60, 61, 62, 63, 64, 65, 66, 67, 68, 69, 70, 71, 72, 73, 74, 75, 76, 77, 78, 79, 80]
		},
		{
			"name": "lower_lower-part",
			"origin": [8, 8, 8],
			"color": 0,
			"children": [81, 82, 83, 84, 85, 86, 87, 88, 89, 90, 91, 92, 93, 94, 95, 96, 97, 98, 99, 100, 101, 102, 103, 104, 105, 106, 107, 108, 109, 110, 111, 112, 113, 114, 115, 116, 117, 118, 119, 120, 121, 122, 123, 124, 125, 126, 127, 128]
		},
		{
			"name": "inner-parts",
			"origin": [8, 8, 8],
			"color": 0,
			"children": [129, 130, 131, 132, 133, 134, 135, 136, 137, 138, 139, 140, 141]
		}
	]
}