{
	"credit": "Made with Blockbench",
	"textures": {
		"particle": "3d/ar_15_2",
		"glock_fade": "items/glock_fade"
	},
	"elements": [
		{
			"from": [10.25, 8, -3],
			"to": [10.5, 10, -1],
			"rotation": {"angle": 0, "axis": "y", "origin": [0, 0, -10]},
			"faces": {
				"north": {"uv": [9.5, 6, 1, 8], "texture": "#glock_fade"},
				"east": {"uv": [10.25, 6, 10.625, 8], "texture": "#glock_fade"},
				"south": {"uv": [10.25, 6, 10.5, 8], "texture": "#glock_fade"},
				"west": {"uv": [10.25, 6, 10.625, 8], "texture": "#glock_fade"},
				"up": {"uv": [10.25, 7, 10.5, 8], "texture": "#glock_fade"},
				"down": {"uv": [5.75, 9, 5.5, 7], "texture": "#glock_fade"}
			}
		},
		{
			"from": [1, 8, -3],
			"to": [9.5, 10, -1],
			"rotation": {"angle": 0, "axis": "y", "origin": [0, 0, -10]},
			"faces": {
				"north": {"uv": [9.5, 6, 1, 8], "texture": "#glock_fade"},
				"east": {"uv": [9.125, 6, 9.5, 7.875], "texture": "#glock_fade"},
				"south": {"uv": [1, 6, 9.5, 8], "texture": "#glock_fade"},
				"west": {"uv": [15.25, 5.75, 16, 6.875], "texture": "#glock_fade"},
				"up": {"uv": [1.25, 6.125, 9.75, 6.125], "texture": "#glock_fade"},
				"down": {"uv": [1.25, 6.125, 9.875, 6.5], "texture": "#glock_fade"}
			}
		},
		{
			"from": [9.5, 8, -2.8],
			"to": [9.75, 10, -1.2],
			"rotation": {"angle": 0, "axis": "y", "origin": [0, 0, -10]},
			"faces": {
				"north": {"uv": [9.5, 6, 1, 8], "texture": "#glock_fade"},
				"east": {"uv": [7.1875, 6, 8.75, 8], "texture": "#glock_fade"},
				"south": {"uv": [9.5, 6, 9.75, 8], "texture": "#glock_fade"},
				"west": {"uv": [7.1875, 6, 8.75, 8], "texture": "#glock_fade"},
				"up": {"uv": [9.875, 6, 10.125, 6.5], "texture": "#glock_fade"},
				"down": {"uv": [6.875, 6, 7.125, 6.5], "texture": "#glock_fade"}
			}
		},
		{
			"from": [9.75, 8, -3],
			"to": [10, 10, -1],
			"rotation": {"angle": 0, "axis": "y", "origin": [0, 0, -10]},
			"faces": {
				"north": {"uv": [9.5, 6, 1, 8], "texture": "#glock_fade"},
				"east": {"uv": [9.75, 6, 10.125, 8], "texture": "#glock_fade"},
				"south": {"uv": [9.75, 6, 10, 8], "texture": "#glock_fade"},
				"west": {"uv": [9.75, 6, 10.125, 8], "texture": "#glock_fade"},
				"up": {"uv": [10, 6.5, 10.25, 7], "texture": "#glock_fade"},
				"down": {"uv": [6.25, 9, 6, 7], "texture": "#glock_fade"}
			}
		},
		{
			"from": [10, 8, -2.8],
			"to": [10.25, 10, -1.2],
			"rotation": {"angle": 0, "axis": "y", "origin": [0, 0, -10]},
			"faces": {
				"north": {"uv": [9.5, 6, 1, 8], "texture": "#glock_fade"},
				"east": {"uv": [7.1875, 6, 8.75, 8], "texture": "#glock_fade"},
				"south": {"uv": [10, 6, 10.25, 8], "texture": "#glock_fade"},
				"west": {"uv": [7.1875, 6, 8.75, 8], "texture": "#glock_fade"},
				"up": {"uv": [10.75, 6, 11, 6.5], "texture": "#glock_fade"},
				"down": {"uv": [6, 8.75, 5.75, 7.1875], "texture": "#glock_fade"}
			}
		},
		{
			"from": [10.5, 8, -2.8],
			"to": [10.75, 10, -1.2],
			"rotation": {"angle": 0, "axis": "y", "origin": [0, 0, -10]},
			"faces": {
				"north": {"uv": [9.5, 6, 1, 8], "texture": "#glock_fade"},
				"east": {"uv": [7.1875, 6, 8.75, 8], "texture": "#glock_fade"},
				"south": {"uv": [10.5, 6, 10.75, 8], "texture": "#glock_fade"},
				"west": {"uv": [7.1875, 6, 8.75, 8], "texture": "#glock_fade"},
				"up": {"uv": [10.5, 7.1875, 10.75, 7.9375], "texture": "#glock_fade"},
				"down": {"uv": [5.5, 8.75, 5.25, 7.1875], "texture": "#glock_fade"}
			}
		},
		{
			"from": [10.75, 8, -3],
			"to": [11, 10, -1],
			"rotation": {"angle": 0, "axis": "y", "origin": [0, 0, -10]},
			"faces": {
				"north": {"uv": [9.5, 6, 1, 8], "texture": "#glock_fade"},
				"east": {"uv": [10.625, 6, 10.875, 8], "texture": "#glock_fade"},
				"south": {"uv": [10.75, 6, 11, 8], "texture": "#glock_fade"},
				"west": {"uv": [10.625, 6, 10.875, 8], "texture": "#glock_fade"},
				"up": {"uv": [10.75, 7, 11, 8], "texture": "#glock_fade"},
				"down": {"uv": [5.25, 9, 5, 7], "texture": "#glock_fade"}
			}
		},
		{
			"from": [11, 8, -2.8],
			"to": [11.25, 10, -1.2],
			"rotation": {"angle": 0, "axis": "y", "origin": [0, 0, -10]},
			"faces": {
				"north": {"uv": [9.5, 6, 1, 8], "texture": "#glock_fade"},
				"east": {"uv": [7.1875, 6, 8.75, 8], "texture": "#glock_fade"},
				"south": {"uv": [11, 6, 11.25, 8], "texture": "#glock_fade"},
				"west": {"uv": [7.1875, 6, 8.75, 8], "texture": "#glock_fade"},
				"up": {"uv": [11, 7.1875, 11.25, 8.0625], "texture": "#glock_fade"},
				"down": {"uv": [5, 8.75, 4.75, 7.1875], "texture": "#glock_fade"}
			}
		},
		{
			"from": [11.25, 8, -3],
			"to": [11.5, 10, -1],
			"rotation": {"angle": 0, "axis": "y", "origin": [0, 0, -10]},
			"faces": {
				"north": {"uv": [9.5, 6, 1, 8], "texture": "#glock_fade"},
				"east": {"uv": [12, 6, 12.25, 8], "texture": "#glock_fade"},
				"south": {"uv": [11.25, 6, 11.5, 8], "texture": "#glock_fade"},
				"west": {"uv": [12, 6, 12.25, 8], "texture": "#glock_fade"},
				"up": {"uv": [11.25, 7, 11.5, 8], "texture": "#glock_fade"},
				"down": {"uv": [4.75, 9, 4.5, 7], "texture": "#glock_fade"}
			}
		},
		{
			"from": [11.5, 8, -2.8],
			"to": [11.75, 10, -1.2],
			"rotation": {"angle": 0, "axis": "y", "origin": [0, 0, -10]},
			"faces": {
				"north": {"uv": [9.5, 6, 1, 8], "texture": "#glock_fade"},
				"east": {"uv": [7.1875, 6, 8.75, 8], "texture": "#glock_fade"},
				"south": {"uv": [11.5, 6, 11.75, 8], "texture": "#glock_fade"},
				"west": {"uv": [7.1875, 6, 8.75, 8], "texture": "#glock_fade"},
				"up": {"uv": [11.5, 7.1875, 11.75, 7.9375], "texture": "#glock_fade"},
				"down": {"uv": [4.5, 8.75, 4.25, 7.1875], "texture": "#glock_fade"}
			}
		},
		{
			"from": [11.75, 8, -3],
			"to": [12, 10, -1],
			"rotation": {"angle": 0, "axis": "y", "origin": [0, 0, -10]},
			"faces": {
				"north": {"uv": [9.5, 6, 1, 8], "texture": "#glock_fade"},
				"east": {"uv": [12, 6, 12.25, 7.875], "texture": "#glock_fade"},
				"south": {"uv": [11.75, 6, 12, 8], "texture": "#glock_fade"},
				"west": {"uv": [12, 6, 12.25, 7.875], "texture": "#glock_fade"},
				"up": {"uv": [11.75, 7, 12, 8], "texture": "#glock_fade"},
				"down": {"uv": [4.25, 9, 4, 7], "texture": "#glock_fade"}
			}
		},
		{
			"from": [12, 8, -2.8],
			"to": [12.25, 10, -1.2],
			"rotation": {"angle": 0, "axis": "y", "origin": [0, 0, -10]},
			"faces": {
				"north": {"uv": [9.5, 6, 1, 8], "texture": "#glock_fade"},
				"east": {"uv": [7.1875, 6, 8.75, 8], "texture": "#glock_fade"},
				"south": {"uv": [12, 6, 12.25, 8], "texture": "#glock_fade"},
				"west": {"uv": [7.1875, 6, 8.75, 8], "texture": "#glock_fade"},
				"up": {"uv": [12, 7.1875, 12.25, 7.9375], "texture": "#glock_fade"},
				"down": {"uv": [4, 8.75, 3.75, 7.1875], "texture": "#glock_fade"}
			}
		},
		{
			"from": [12.25, 8, -3],
			"to": [12.5, 10, -1],
			"rotation": {"angle": 0, "axis": "y", "origin": [0, 0, -10]},
			"faces": {
				"north": {"uv": [9.5, 6, 1, 8], "texture": "#glock_fade"},
				"east": {"uv": [13, 6, 13.25, 8], "texture": "#glock_fade"},
				"south": {"uv": [12.25, 6, 12.5, 8], "texture": "#glock_fade"},
				"west": {"uv": [13, 6, 13.25, 8], "texture": "#glock_fade"},
				"up": {"uv": [12.25, 7, 12.5, 8], "texture": "#glock_fade"},
				"down": {"uv": [3.75, 9, 3.5, 7], "texture": "#glock_fade"}
			}
		},
		{
			"from": [12.5, 8, -2.8],
			"to": [12.75, 10, -1.2],
			"rotation": {"angle": 0, "axis": "y", "origin": [0, 0, -10]},
			"faces": {
				"north": {"uv": [9.5, 6, 1, 8], "texture": "#glock_fade"},
				"east": {"uv": [7.1875, 6, 8.75, 8], "texture": "#glock_fade"},
				"south": {"uv": [12.5, 6, 12.75, 8], "texture": "#glock_fade"},
				"west": {"uv": [7.1875, 6, 8.75, 8], "texture": "#glock_fade"},
				"up": {"uv": [12.5, 7.1875, 12.75, 8.0625], "texture": "#glock_fade"},
				"down": {"uv": [3.5, 8.75, 3.25, 7.1875], "texture": "#glock_fade"}
			}
		},
		{
			"from": [12.75, 8, -3],
			"to": [13, 10, -1],
			"rotation": {"angle": 0, "axis": "y", "origin": [0, 0, -10]},
			"faces": {
				"north": {"uv": [9.5, 6, 1, 8], "texture": "#glock_fade"},
				"east": {"uv": [13.375, 6, 13.75, 7.875], "texture": "#glock_fade"},
				"south": {"uv": [12.75, 6, 13, 8], "texture": "#glock_fade"},
				"west": {"uv": [13.375, 6, 13.75, 7.875], "texture": "#glock_fade"},
				"up": {"uv": [12.75, 7, 13, 8], "texture": "#glock_fade"},
				"down": {"uv": [3.25, 9, 3, 7], "texture": "#glock_fade"}
			}
		},
		{
			"from": [13, 8, -2.8],
			"to": [13.25, 10, -1.2],
			"rotation": {"angle": 0, "axis": "y", "origin": [0, 0, -10]},
			"faces": {
				"north": {"uv": [9.5, 6, 1, 8], "texture": "#glock_fade"},
				"east": {"uv": [7.1875, 6, 8.75, 8], "texture": "#glock_fade"},
				"south": {"uv": [13, 6, 13.25, 8], "texture": "#glock_fade"},
				"west": {"uv": [7.1875, 6, 8.75, 8], "texture": "#glock_fade"},
				"up": {"uv": [13, 7.1875, 13.25, 7.9375], "texture": "#glock_fade"},
				"down": {"uv": [3, 8.75, 2.75, 7.1875], "texture": "#glock_fade"}
			}
		},
		{
			"from": [13.25, 8, -3],
			"to": [13.9375, 10, -1],
			"rotation": {"angle": 0, "axis": "y", "origin": [0, 0, -10]},
			"faces": {
				"north": {"uv": [9.5, 6, 1, 8], "texture": "#glock_fade"},
				"east": {"uv": [14.375, 6.625, 14.875, 7.875], "texture": "#glock_fade"},
				"south": {"uv": [13.25, 6, 13.9375, 8], "texture": "#glock_fade"},
				"west": {"uv": [14, 6, 14.25, 7.875], "texture": "#glock_fade"},
				"up": {"uv": [13.25, 7, 14, 8], "texture": "#glock_fade"},
				"down": {"uv": [2.75, 9, 2.0625, 7], "texture": "#glock_fade"}
			}
		},
		{
			"from": [13.25, 9.75, -2.7],
			"to": [13.75, 10.25, -2.2],
			"rotation": {"angle": 22.5, "axis": "z", "origin": [13.25, 10.25, -2.7]},
			"faces": {
				"north": {"uv": [9.5, 6, 1, 8], "texture": "#glock_fade"},
				"east": {"uv": [7.5, 11, 8, 11.5], "texture": "#glock_fade"},
				"south": {"uv": [3, 9.75, 3.5, 10.25], "texture": "#glock_fade"},
				"west": {"uv": [7.5, 11, 8, 11.5], "texture": "#glock_fade"},
				"up": {"uv": [12.875, 9.875, 13.375, 10.375], "texture": "#glock_fade"},
				"down": {"uv": [12.875, 9.875, 13.375, 10.375], "texture": "#glock_fade"}
			}
		},
		{
			"from": [1.25, 9.5, -2.25],
			"to": [2.25, 10, -1.75],
			"rotation": {"angle": 22.5, "axis": "z", "origin": [1.25, 10, -2.25]},
			"faces": {
				"north": {"uv": [9.5, 6, 1, 8], "texture": "#glock_fade"},
				"east": {"uv": [6.75, 9, 7.25, 9.5], "texture": "#glock_fade"},
				"south": {"uv": [15, 8.625, 16, 9.125], "texture": "#glock_fade"},
				"west": {"uv": [6.75, 9, 7.25, 9.5], "texture": "#glock_fade"},
				"up": {"uv": [1.375, 9, 2.375, 9.5], "texture": "#glock_fade"},
				"down": {"uv": [1.375, 9, 2.375, 9.5], "texture": "#glock_fade"}
			}
		},
		{
			"from": [1, 7.01, -3],
			"to": [12.5, 8.01, -1],
			"rotation": {"angle": 0, "axis": "y", "origin": [0, 0, -10]},
			"faces": {
				"north": {"uv": [9.5, 6, 1, 8], "texture": "#glock_fade"},
				"east": {"uv": [15.125, 0, 16, 1], "texture": "#glock_fade"},
				"south": {"uv": [15.25, 1.25, 16, 2.125], "texture": "#glock_fade"},
				"west": {"uv": [15.125, 0, 16, 1], "texture": "#glock_fade"},
				"up": {"uv": [15.125, 0, 16, 2.375], "texture": "#glock_fade"},
				"down": {"uv": [15.125, 0, 16, 2.375], "texture": "#glock_fade"}
			}
		},
		{
			"from": [11.4375, 6.125, -3],
			"to": [13.4375, 6.625, -1],
			"rotation": {"angle": 45, "axis": "z", "origin": [11.4375, 6.625, -3]},
			"faces": {
				"north": {"uv": [9.5, 6, 1, 8], "texture": "#glock_fade"},
				"east": {"uv": [15.125, 0, 16, 1], "texture": "#glock_fade"},
				"south": {"uv": [15.25, 1.25, 16, 2.125], "texture": "#glock_fade"},
				"west": {"uv": [15.125, 0, 16, 1], "texture": "#glock_fade"},
				"up": {"uv": [15.125, 0, 16, 2.375], "texture": "#glock_fade"},
				"down": {"uv": [15.125, 0, 16, 2.375], "texture": "#glock_fade"}
			}
		},
		{
			"from": [12.75, 7.5625, -2.99],
			"to": [13.75, 8.0625, -1.01],
			"rotation": {"angle": 22.5, "axis": "z", "origin": [12.75, 8.0625, -2.99]},
			"faces": {
				"north": {"uv": [9.5, 6, 1, 8], "texture": "#glock_fade"},
				"east": {"uv": [15.125, 0, 16, 1], "texture": "#glock_fade"},
				"south": {"uv": [15.25, 1.25, 16, 2.125], "texture": "#glock_fade"},
				"west": {"uv": [15.125, 0, 16, 1], "texture": "#glock_fade"},
				"up": {"uv": [15.125, 0, 16, 2.375], "texture": "#glock_fade"},
				"down": {"uv": [15.125, 0, 16, 2.375], "texture": "#glock_fade"}
			}
		},
		{
			"from": [12.375, 6.5, -3],
			"to": [12.875, 8, -1],
			"rotation": {"angle": 0, "axis": "y", "origin": [0, 0, -10]},
			"faces": {
				"north": {"uv": [9.5, 6, 1, 8], "texture": "#glock_fade"},
				"east": {"uv": [15.125, 0, 16, 1], "texture": "#glock_fade"},
				"south": {"uv": [15.25, 1.25, 16, 2.125], "texture": "#glock_fade"},
				"west": {"uv": [15.125, 0, 16, 1], "texture": "#glock_fade"},
				"up": {"uv": [15.125, 0, 16, 2.375], "texture": "#glock_fade"},
				"down": {"uv": [15.125, 0, 16, 2.375], "texture": "#glock_fade"}
			}
		},
		{
			"from": [6.5, 5, -2.75],
			"to": [7, 7, -1.25],
			"rotation": {"angle": 0, "axis": "y", "origin": [0, 0, -10]},
			"faces": {
				"north": {"uv": [9.5, 6, 1, 8], "texture": "#glock_fade"},
				"east": {"uv": [15.125, 0, 16, 1], "texture": "#glock_fade"},
				"south": {"uv": [15.25, 1.25, 16, 2.125], "texture": "#glock_fade"},
				"west": {"uv": [15.125, 0, 16, 1], "texture": "#glock_fade"},
				"up": {"uv": [15.125, 0, 16, 2.375], "texture": "#glock_fade"},
				"down": {"uv": [15.125, 0, 16, 2.375], "texture": "#glock_fade"}
			}
		},
		{
			"from": [6.5, 4.5, -2.75],
			"to": [10.5, 5, -1.25],
			"rotation": {"angle": 0, "axis": "y", "origin": [0, 0, -10]},
			"faces": {
				"north": {"uv": [9.5, 6, 1, 8], "texture": "#glock_fade"},
				"east": {"uv": [15.125, 0, 16, 1], "texture": "#glock_fade"},
				"south": {"uv": [15.25, 1.25, 16, 2.125], "texture": "#glock_fade"},
				"west": {"uv": [15.125, 0, 16, 1], "texture": "#glock_fade"},
				"up": {"uv": [15.125, 0, 16, 2.375], "texture": "#glock_fade"},
				"down": {"uv": [15.125, 0, 16, 2.375], "texture": "#glock_fade"}
			}
		},
		{
			"from": [6.25, 6.875, -2.75],
			"to": [7.25, 7.375, -1.25],
			"rotation": {"angle": -45, "axis": "z", "origin": [6.25, 7.375, -2.75]},
			"faces": {
				"north": {"uv": [9.5, 6, 1, 8], "texture": "#glock_fade"},
				"east": {"uv": [15.125, 0, 16, 1], "texture": "#glock_fade"},
				"south": {"uv": [15.25, 1.25, 16, 2.125], "texture": "#glock_fade"},
				"west": {"uv": [15.125, 0, 16, 1], "texture": "#glock_fade"},
				"up": {"uv": [15.125, 0, 16, 2.375], "texture": "#glock_fade"},
				"down": {"uv": [15.125, 0, 16, 2.375], "texture": "#glock_fade"}
			}
		},
		{
			"from": [9.125, 1.75, -3],
			"to": [12.625, 6.75, -1],
			"rotation": {"angle": 22.5, "axis": "z", "origin": [9.125, 6.75, -3]},
			"faces": {
				"north": {"uv": [9.5, 6, 1, 8], "texture": "#glock_fade"},
				"east": {"uv": [15.125, 0, 16, 1], "texture": "#glock_fade"},
				"south": {"uv": [15.25, 1.25, 16, 2.125], "texture": "#glock_fade"},
				"west": {"uv": [15.125, 0, 16, 1], "texture": "#glock_fade"},
				"up": {"uv": [15.125, 0, 16, 2.375], "texture": "#glock_fade"},
				"down": {"uv": [15.125, 0, 16, 2.375], "texture": "#glock_fade"}
			}
		},
		{
			"from": [8.8125, 6.9375, -3],
			"to": [9.8125, 7.4375, -1],
			"rotation": {"angle": -22.5, "axis": "z", "origin": [8.8125, 7.4375, -3]},
			"faces": {
				"north": {"uv": [9.5, 6, 1, 8], "texture": "#glock_fade"},
				"east": {"uv": [15.125, 0, 16, 1], "texture": "#glock_fade"},
				"south": {"uv": [15.25, 1.25, 16, 2.125], "texture": "#glock_fade"},
				"west": {"uv": [15.125, 0, 16, 1], "texture": "#glock_fade"},
				"up": {"uv": [15.125, 0, 16, 2.375], "texture": "#glock_fade"},
				"down": {"uv": [15.125, 0, 16, 2.375], "texture": "#glock_fade"}
			}
		},
		{
			"from": [8.8125, 5.375, -2.75],
			"to": [9.3125, 7.375, -1.75],
			"rotation": {"angle": -22.5, "axis": "z", "origin": [8.8125, 7.375, -2.75]},
			"faces": {
				"north": {"uv": [9.5, 6, 1, 8], "texture": "#glock_fade"},
				"east": {"uv": [9.625, 10.625, 10.625, 12.625], "texture": "#glock_fade"},
				"south": {"uv": [13.625, 9.5, 14.125, 11.5], "texture": "#glock_fade"},
				"west": {"uv": [9.625, 10.625, 10.625, 12.625], "texture": "#glock_fade"},
				"up": {"uv": [13.25, 11.125, 13.75, 12.125], "texture": "#glock_fade"},
				"down": {"uv": [13.25, 11.125, 13.75, 12.125], "texture": "#glock_fade"}
			}
		},
		{
			"from": [6.875, 5.125, -2.75],
			"to": [7.875, 5.625, -1.25],
			"rotation": {"angle": -45, "axis": "z", "origin": [6.875, 5.625, -2.75]},
			"faces": {
				"north": {"uv": [9.5, 6, 1, 8], "texture": "#glock_fade"},
				"east": {"uv": [15.125, 0, 16, 1], "texture": "#glock_fade"},
				"south": {"uv": [15.25, 1.25, 16, 2.125], "texture": "#glock_fade"},
				"west": {"uv": [15.125, 0, 16, 1], "texture": "#glock_fade"},
				"up": {"uv": [15.125, 0, 16, 2.375], "texture": "#glock_fade"},
				"down": {"uv": [15.125, 0, 16, 2.375], "texture": "#glock_fade"}
			}
		},
		{
			"from": [9.5, 4.5, -2.75],
			"to": [10.5, 5, -1.25],
			"rotation": {"angle": -22.5, "axis": "z", "origin": [9.5, 5, -2.75]},
			"faces": {
				"north": {"uv": [9.5, 6, 1, 8], "texture": "#glock_fade"},
				"east": {"uv": [15.125, 0, 16, 1], "texture": "#glock_fade"},
				"south": {"uv": [15.25, 1.25, 16, 2.125], "texture": "#glock_fade"},
				"west": {"uv": [15.125, 0, 16, 1], "texture": "#glock_fade"},
				"up": {"uv": [15.125, 0, 16, 2.375], "texture": "#glock_fade"},
				"down": {"uv": [15.125, 0, 16, 2.375], "texture": "#glock_fade"}
			}
		},
		{
			"from": [9.6875, 4.875, -2.75],
			"to": [10.1875, 5.875, -1.25],
			"rotation": {"angle": -22.5, "axis": "z", "origin": [9.6875, 5.875, -2.75]},
			"faces": {
				"north": {"uv": [9.5, 6, 1, 8], "texture": "#glock_fade"},
				"east": {"uv": [15.125, 0, 16, 1], "texture": "#glock_fade"},
				"south": {"uv": [15.25, 1.25, 16, 2.125], "texture": "#glock_fade"},
				"west": {"uv": [15.125, 0, 16, 1], "texture": "#glock_fade"},
				"up": {"uv": [15.125, 0, 16, 2.375], "texture": "#glock_fade"},
				"down": {"uv": [15.125, 0, 16, 2.375], "texture": "#glock_fade"}
			}
		},
		{
			"from": [11.125, 1.3275, -3],
			"to": [13.625, 2.1875, -1],
			"rotation": {"angle": 22.5, "axis": "z", "origin": [11.125, 2.1875, -3]},
			"faces": {
				"north": {"uv": [9.5, 6, 1, 8], "texture": "#glock_fade"},
				"east": {"uv": [7, 13.8125, 9, 14.625], "texture": "#glock_fade"},
				"south": {"uv": [2.375, 13.8125, 4.875, 14.625], "texture": "#glock_fade"},
				"west": {"uv": [7, 13.8125, 9, 14.625], "texture": "#glock_fade"},
				"up": {"uv": [8.5, 13.5, 11, 15.5], "texture": "#glock_fade"},
				"down": {"uv": [8.5, 13.5, 11, 15.5], "texture": "#glock_fade"}
			}
		},
		{
			"from": [13.375, 2.625, -3],
			"to": [14.345, 3.125, -1],
			"rotation": {"angle": 22.5, "axis": "z", "origin": [13.375, 3.125, -3]},
			"faces": {
				"north": {"uv": [9.5, 6, 1, 8], "texture": "#glock_fade"},
				"east": {"uv": [15.125, 0, 16, 1], "texture": "#glock_fade"},
				"south": {"uv": [15.25, 1.25, 16, 2.125], "texture": "#glock_fade"},
				"west": {"uv": [15.125, 0, 16, 1], "texture": "#glock_fade"},
				"up": {"uv": [15.125, 0, 16, 2.375], "texture": "#glock_fade"},
				"down": {"uv": [15.125, 0, 16, 2.375], "texture": "#glock_fade"}
			}
		},
		{
			"from": [13.4, 2.1875, -3],
			"to": [14.4, 2.6875, -1],
			"rotation": {"angle": 45, "axis": "z", "origin": [13.4, 2.6875, -3]},
			"faces": {
				"north": {"uv": [9.5, 6, 1, 8], "texture": "#glock_fade"},
				"east": {"uv": [15.125, 0, 16, 1], "texture": "#glock_fade"},
				"south": {"uv": [15.25, 1.25, 16, 2.125], "texture": "#glock_fade"},
				"west": {"uv": [15.125, 0, 16, 1], "texture": "#glock_fade"},
				"up": {"uv": [15.125, 0, 16, 2.375], "texture": "#glock_fade"},
				"down": {"uv": [15.125, 0, 16, 2.375], "texture": "#glock_fade"}
			}
		},
		{
			"from": [13, 8, -3],
			"to": [13.5, 8.375, -1],
			"rotation": {"angle": 0, "axis": "y", "origin": [0, 0, -10]},
			"faces": {
				"north": {"uv": [9.5, 6, 1, 8], "texture": "#glock_fade"},
				"east": {"uv": [7, 7.625, 9, 8], "texture": "#glock_fade"},
				"south": {"uv": [13, 7.625, 13.5, 8], "texture": "#glock_fade"},
				"west": {"uv": [7, 7.625, 9, 8], "texture": "#glock_fade"},
				"up": {"uv": [13, 7, 13.5, 8], "texture": "#glock_fade"},
				"down": {"uv": [3, 9, 2.5, 7], "texture": "#glock_fade"}
			}
		},
		{
			"from": [8.25, 7.0625, -1.1875],
			"to": [8.5625, 7.75, -0.6875],
			"rotation": {"angle": 22.5, "axis": "z", "origin": [8.25, 7.75, -1.1875]},
			"faces": {
				"north": {"uv": [9.5, 6, 1, 8], "texture": "#glock_fade"},
				"east": {"uv": [6.6875, 8.25, 7.1875, 8.9375], "texture": "#glock_fade"},
				"south": {"uv": [8.25, 8.25, 8.5625, 8.9375], "texture": "#glock_fade"},
				"west": {"uv": [8.8125, 8.25, 9.3125, 8.9375], "texture": "#glock_fade"},
				"up": {"uv": [8.25, 8.8125, 8.5625, 9.3125], "texture": "#glock_fade"},
				"down": {"uv": [7.75, 9.3125, 7.4375, 8.8125], "texture": "#glock_fade"}
			}
		},
		{
			"from": [13.25, 9.75, -1.7],
			"to": [13.75, 10.25, -1.2],
			"rotation": {"angle": 22.5, "axis": "z", "origin": [13.25, 10.25, -1.7]},
			"faces": {
				"north": {"uv": [9.5, 6, 1, 8], "texture": "#glock_fade"},
				"east": {"uv": [7.625, 9.875, 8.125, 10.375], "texture": "#glock_fade"},
				"south": {"uv": [2.75, 8.875, 3.25, 9.375], "texture": "#glock_fade"},
				"west": {"uv": [7.625, 9.875, 8.125, 10.375], "texture": "#glock_fade"},
				"up": {"uv": [13.25, 8.25, 13.75, 8.75], "texture": "#glock_fade"},
				"down": {"uv": [2.75, 8.75, 2.25, 8.25], "texture": "#glock_fade"}
			}
		},
		{
			"from": [10, 7.52, -1.8125],
			"to": [10.875, 8.02, -0.8125],
			"rotation": {"angle": 0, "axis": "y", "origin": [0, 0, -10]},
			"faces": {
				"north": {"uv": [9.5, 6, 1, 8], "texture": "#glock_fade"},
				"east": {"uv": [9.75, 7.5, 10.625, 8], "texture": "#glock_fade"},
				"south": {"uv": [10, 7.5, 10.875, 8], "texture": "#glock_fade"},
				"west": {"uv": [9.75, 7.5, 10.625, 8], "texture": "#glock_fade"},
				"up": {"uv": [9.75, 7.5, 10.625, 8], "texture": "#glock_fade"},
				"down": {"uv": [9.75, 7.5, 10.625, 8], "texture": "#glock_fade"}
			}
		},
		{
			"from": [10, 7.52, -1.8125],
			"to": [10.875, 8.02, -0.8125],
			"rotation": {"angle": 0, "axis": "y", "origin": [0, 0, -10]},
			"faces": {
				"north": {"uv": [9.5, 6, 1, 8], "texture": "#glock_fade"},
				"east": {"uv": [9.75, 7.5, 10.625, 8], "texture": "#glock_fade"},
				"south": {"uv": [10, 7.5, 10.875, 8], "texture": "#glock_fade"},
				"west": {"uv": [9.75, 7.5, 10.625, 8], "texture": "#glock_fade"},
				"up": {"uv": [9.75, 7.5, 10.625, 8], "texture": "#glock_fade"},
				"down": {"uv": [9.75, 7.5, 10.625, 8], "texture": "#glock_fade"}
			}
		},
		{
			"from": [13.25, 9.75, -1.7],
			"to": [13.75, 10.25, -1.2],
			"rotation": {"angle": 22.5, "axis": "z", "origin": [13.25, 10.25, -1.7]},
			"faces": {
				"north": {"uv": [9.5, 6, 1, 8], "texture": "#glock_fade"},
				"east": {"uv": [7.625, 9.875, 8.125, 10.375], "texture": "#glock_fade"},
				"south": {"uv": [2.75, 8.875, 3.25, 9.375], "texture": "#glock_fade"},
				"west": {"uv": [7.625, 9.875, 8.125, 10.375], "texture": "#glock_fade"},
				"up": {"uv": [13.25, 8.25, 13.75, 8.75], "texture": "#glock_fade"},
				"down": {"uv": [2.75, 8.75, 2.25, 8.25], "texture": "#glock_fade"}
			}
		},
		{
			"from": [8.25, 7.0625, -1.1875],
			"to": [8.5625, 7.75, -0.6875],
			"rotation": {"angle": 22.5, "axis": "z", "origin": [8.25, 7.75, -1.1875]},
			"faces": {
				"north": {"uv": [9.5, 6, 1, 8], "texture": "#glock_fade"},
				"east": {"uv": [6.6875, 8.25, 7.1875, 8.9375], "texture": "#glock_fade"},
				"south": {"uv": [8.25, 8.25, 8.5625, 8.9375], "texture": "#glock_fade"},
				"west": {"uv": [8.8125, 8.25, 9.3125, 8.9375], "texture": "#glock_fade"},
				"up": {"uv": [8.25, 8.8125, 8.5625, 9.3125], "texture": "#glock_fade"},
				"down": {"uv": [7.75, 9.3125, 7.4375, 8.8125], "texture": "#glock_fade"}
			}
		},
		{
			"from": [13, 8, -3],
			"to": [13.5, 8.375, -1],
			"rotation": {"angle": 0, "axis": "y", "origin": [0, 0, -10]},
			"faces": {
				"north": {"uv": [9.5, 6, 1, 8], "texture": "#glock_fade"},
				"east": {"uv": [7, 7.625, 9, 8], "texture": "#glock_fade"},
				"south": {"uv": [13, 7.625, 13.5, 8], "texture": "#glock_fade"},
				"west": {"uv": [7, 7.625, 9, 8], "texture": "#glock_fade"},
				"up": {"uv": [13, 7, 13.5, 8], "texture": "#glock_fade"},
				"down": {"uv": [3, 9, 2.5, 7], "texture": "#glock_fade"}
			}
		},
		{
			"from": [13.4, 2.1875, -3],
			"to": [14.4, 2.6875, -1],
			"rotation": {"angle": 45, "axis": "z", "origin": [13.4, 2.6875, -3]},
			"faces": {
				"north": {"uv": [9.5, 6, 1, 8], "texture": "#glock_fade"},
				"east": {"uv": [15.125, 0, 16, 1], "texture": "#glock_fade"},
				"south": {"uv": [15.25, 1.25, 16, 2.125], "texture": "#glock_fade"},
				"west": {"uv": [15.125, 0, 16, 1], "texture": "#glock_fade"},
				"up": {"uv": [15.125, 0, 16, 2.375], "texture": "#glock_fade"},
				"down": {"uv": [15.125, 0, 16, 2.375], "texture": "#glock_fade"}
			}
		},
		{
			"from": [13.375, 2.625, -3],
			"to": [14.345, 3.125, -1],
			"rotation": {"angle": 22.5, "axis": "z", "origin": [13.375, 3.125, -3]},
			"faces": {
				"north": {"uv": [9.5, 6, 1, 8], "texture": "#glock_fade"},
				"east": {"uv": [15.125, 0, 16, 1], "texture": "#glock_fade"},
				"south": {"uv": [15.25, 1.25, 16, 2.125], "texture": "#glock_fade"},
				"west": {"uv": [15.125, 0, 16, 1], "texture": "#glock_fade"},
				"up": {"uv": [15.125, 0, 16, 2.375], "texture": "#glock_fade"},
				"down": {"uv": [15.125, 0, 16, 2.375], "texture": "#glock_fade"}
			}
		},
		{
			"from": [11.125, 1.3275, -3],
			"to": [13.625, 2.1875, -1],
			"rotation": {"angle": 22.5, "axis": "z", "origin": [11.125, 2.1875, -3]},
			"faces": {
				"north": {"uv": [9.5, 6, 1, 8], "texture": "#glock_fade"},
				"east": {"uv": [7, 13.8125, 9, 14.625], "texture": "#glock_fade"},
				"south": {"uv": [2.375, 13.8125, 4.875, 14.625], "texture": "#glock_fade"},
				"west": {"uv": [7, 13.8125, 9, 14.625], "texture": "#glock_fade"},
				"up": {"uv": [8.5, 13.5, 11, 15.5], "texture": "#glock_fade"},
				"down": {"uv": [8.5, 13.5, 11, 15.5], "texture": "#glock_fade"}
			}
		},
		{
			"from": [9.6875, 4.875, -2.75],
			"to": [10.1875, 5.875, -1.25],
			"rotation": {"angle": -22.5, "axis": "z", "origin": [9.6875, 5.875, -2.75]},
			"faces": {
				"north": {"uv": [9.5, 6, 1, 8], "texture": "#glock_fade"},
				"east": {"uv": [15.125, 0, 16, 1], "texture": "#glock_fade"},
				"south": {"uv": [15.25, 1.25, 16, 2.125], "texture": "#glock_fade"},
				"west": {"uv": [15.125, 0, 16, 1], "texture": "#glock_fade"},
				"up": {"uv": [15.125, 0, 16, 2.375], "texture": "#glock_fade"},
				"down": {"uv": [15.125, 0, 16, 2.375], "texture": "#glock_fade"}
			}
		},
		{
			"from": [9.5, 4.5, -2.75],
			"to": [10.5, 5, -1.25],
			"rotation": {"angle": -22.5, "axis": "z", "origin": [9.5, 5, -2.75]},
			"faces": {
				"north": {"uv": [9.5, 6, 1, 8], "texture": "#glock_fade"},
				"east": {"uv": [15.125, 0, 16, 1], "texture": "#glock_fade"},
				"south": {"uv": [15.25, 1.25, 16, 2.125], "texture": "#glock_fade"},
				"west": {"uv": [15.125, 0, 16, 1], "texture": "#glock_fade"},
				"up": {"uv": [15.125, 0, 16, 2.375], "texture": "#glock_fade"},
				"down": {"uv": [15.125, 0, 16, 2.375], "texture": "#glock_fade"}
			}
		},
		{
			"from": [6.875, 5.125, -2.75],
			"to": [7.875, 5.625, -1.25],
			"rotation": {"angle": -45, "axis": "z", "origin": [6.875, 5.625, -2.75]},
			"faces": {
				"north": {"uv": [9.5, 6, 1, 8], "texture": "#glock_fade"},
				"east": {"uv": [15.125, 0, 16, 1], "texture": "#glock_fade"},
				"south": {"uv": [15.25, 1.25, 16, 2.125], "texture": "#glock_fade"},
				"west": {"uv": [15.125, 0, 16, 1], "texture": "#glock_fade"},
				"up": {"uv": [15.125, 0, 16, 2.375], "texture": "#glock_fade"},
				"down": {"uv": [15.125, 0, 16, 2.375], "texture": "#glock_fade"}
			}
		},
		{
			"from": [8.8125, 5.375, -2.75],
			"to": [9.3125, 7.375, -1.75],
			"rotation": {"angle": -22.5, "axis": "z", "origin": [8.8125, 7.375, -2.75]},
			"faces": {
				"north": {"uv": [9.5, 6, 1, 8], "texture": "#glock_fade"},
				"east": {"uv": [9.625, 10.625, 10.625, 12.625], "texture": "#glock_fade"},
				"south": {"uv": [13.625, 9.5, 14.125, 11.5], "texture": "#glock_fade"},
				"west": {"uv": [9.625, 10.625, 10.625, 12.625], "texture": "#glock_fade"},
				"up": {"uv": [13.25, 11.125, 13.75, 12.125], "texture": "#glock_fade"},
				"down": {"uv": [13.25, 11.125, 13.75, 12.125], "texture": "#glock_fade"}
			}
		},
		{
			"from": [8.8125, 6.9375, -3],
			"to": [9.8125, 7.4375, -1],
			"rotation": {"angle": -22.5, "axis": "z", "origin": [8.8125, 7.4375, -3]},
			"faces": {
				"north": {"uv": [9.5, 6, 1, 8], "texture": "#glock_fade"},
				"east": {"uv": [15.125, 0, 16, 1], "texture": "#glock_fade"},
				"south": {"uv": [15.25, 1.25, 16, 2.125], "texture": "#glock_fade"},
				"west": {"uv": [15.125, 0, 16, 1], "texture": "#glock_fade"},
				"up": {"uv": [15.125, 0, 16, 2.375], "texture": "#glock_fade"},
				"down": {"uv": [15.125, 0, 16, 2.375], "texture": "#glock_fade"}
			}
		},
		{
			"from": [9.125, 1.75, -3],
			"to": [12.625, 6.75, -1],
			"rotation": {"angle": 22.5, "axis": "z", "origin": [9.125, 6.75, -3]},
			"faces": {
				"north": {"uv": [9.5, 6, 1, 8], "texture": "#glock_fade"},
				"east": {"uv": [15.125, 0, 16, 1], "texture": "#glock_fade"},
				"south": {"uv": [15.25, 1.25, 16, 2.125], "texture": "#glock_fade"},
				"west": {"uv": [15.125, 0, 16, 1], "texture": "#glock_fade"},
				"up": {"uv": [15.125, 0, 16, 2.375], "texture": "#glock_fade"},
				"down": {"uv": [15.125, 0, 16, 2.375], "texture": "#glock_fade"}
			}
		},
		{
			"from": [6.25, 6.875, -2.75],
			"to": [7.25, 7.375, -1.25],
			"rotation": {"angle": -45, "axis": "z", "origin": [6.25, 7.375, -2.75]},
			"faces": {
				"north": {"uv": [9.5, 6, 1, 8], "texture": "#glock_fade"},
				"east": {"uv": [15.125, 0, 16, 1], "texture": "#glock_fade"},
				"south": {"uv": [15.25, 1.25, 16, 2.125], "texture": "#glock_fade"},
				"west": {"uv": [15.125, 0, 16, 1], "texture": "#glock_fade"},
				"up": {"uv": [15.125, 0, 16, 2.375], "texture": "#glock_fade"},
				"down": {"uv": [15.125, 0, 16, 2.375], "texture": "#glock_fade"}
			}
		},
		{
			"from": [0.46887, 8.5, -2.5],
			"to": [1, 9.5, -1.5],
			"rotation": {"angle": 0, "axis": "y", "origin": [0, 0, -10]},
			"faces": {
				"north": {"uv": [9.5, 6, 1, 8], "texture": "#glock_fade"},
				"east": {"uv": [7, 8.875, 8, 9.875], "texture": "#glock_fade"},
				"south": {"uv": [15, 8.875, 15.5, 9.875], "texture": "#glock_fade"},
				"west": {"uv": [7, 8.875, 8, 9.875], "texture": "#glock_fade"},
				"up": {"uv": [0.25, 10.875, 0.75, 11.875], "texture": "#glock_fade"},
				"down": {"uv": [0.25, 10.875, 0.75, 11.875], "texture": "#glock_fade"}
			}
		},
		{
			"from": [6.5, 4.5, -2.75],
			"to": [10.5, 5, -1.25],
			"rotation": {"angle": 0, "axis": "y", "origin": [0, 0, -10]},
			"faces": {
				"north": {"uv": [9.5, 6, 1, 8], "texture": "#glock_fade"},
				"east": {"uv": [15.125, 0, 16, 1], "texture": "#glock_fade"},
				"south": {"uv": [15.25, 1.25, 16, 2.125], "texture": "#glock_fade"},
				"west": {"uv": [15.125, 0, 16, 1], "texture": "#glock_fade"},
				"up": {"uv": [15.125, 0, 16, 2.375], "texture": "#glock_fade"},
				"down": {"uv": [15.125, 0, 16, 2.375], "texture": "#glock_fade"}
			}
		},
		{
			"from": [6.5, 5, -2.75],
			"to": [7, 7, -1.25],
			"rotation": {"angle": 0, "axis": "y", "origin": [0, 0, -10]},
			"faces": {
				"north": {"uv": [9.5, 6, 1, 8], "texture": "#glock_fade"},
				"east": {"uv": [15.125, 0, 16, 1], "texture": "#glock_fade"},
				"south": {"uv": [15.25, 1.25, 16, 2.125], "texture": "#glock_fade"},
				"west": {"uv": [15.125, 0, 16, 1], "texture": "#glock_fade"},
				"up": {"uv": [15.125, 0, 16, 2.375], "texture": "#glock_fade"},
				"down": {"uv": [15.125, 0, 16, 2.375], "texture": "#glock_fade"}
			}
		},
		{
			"from": [12.375, 6.5, -3],
			"to": [12.875, 8, -1],
			"rotation": {"angle": 0, "axis": "y", "origin": [0, 0, -10]},
			"faces": {
				"north": {"uv": [9.5, 6, 1, 8], "texture": "#glock_fade"},
				"east": {"uv": [15.125, 0, 16, 1], "texture": "#glock_fade"},
				"south": {"uv": [15.25, 1.25, 16, 2.125], "texture": "#glock_fade"},
				"west": {"uv": [15.125, 0, 16, 1], "texture": "#glock_fade"},
				"up": {"uv": [15.125, 0, 16, 2.375], "texture": "#glock_fade"},
				"down": {"uv": [15.125, 0, 16, 2.375], "texture": "#glock_fade"}
			}
		},
		{
			"from": [12.75, 7.5625, -2.99],
			"to": [13.75, 8.0625, -1.01],
			"rotation": {"angle": 22.5, "axis": "z", "origin": [12.75, 8.0625, -2.99]},
			"faces": {
				"north": {"uv": [9.5, 6, 1, 8], "texture": "#glock_fade"},
				"east": {"uv": [15.125, 0, 16, 1], "texture": "#glock_fade"},
				"south": {"uv": [15.25, 1.25, 16, 2.125], "texture": "#glock_fade"},
				"west": {"uv": [15.125, 0, 16, 1], "texture": "#glock_fade"},
				"up": {"uv": [15.125, 0, 16, 2.375], "texture": "#glock_fade"},
				"down": {"uv": [15.125, 0, 16, 2.375], "texture": "#glock_fade"}
			}
		},
		{
			"from": [11.4375, 6.125, -3],
			"to": [13.4375, 6.625, -1],
			"rotation": {"angle": 45, "axis": "z", "origin": [11.4375, 6.625, -3]},
			"faces": {
				"north": {"uv": [9.5, 6, 1, 8], "texture": "#glock_fade"},
				"east": {"uv": [15.125, 0, 16, 1], "texture": "#glock_fade"},
				"south": {"uv": [15.25, 1.25, 16, 2.125], "texture": "#glock_fade"},
				"west": {"uv": [15.125, 0, 16, 1], "texture": "#glock_fade"},
				"up": {"uv": [15.125, 0, 16, 2.375], "texture": "#glock_fade"},
				"down": {"uv": [15.125, 0, 16, 2.375], "texture": "#glock_fade"}
			}
		},
		{
			"from": [1, 7.01, -3],
			"to": [12.5, 8.01, -1],
			"rotation": {"angle": 0, "axis": "y", "origin": [0, 0, -10]},
			"faces": {
				"north": {"uv": [9.5, 6, 1, 8], "texture": "#glock_fade"},
				"east": {"uv": [15.125, 0, 16, 1], "texture": "#glock_fade"},
				"south": {"uv": [15.25, 1.25, 16, 2.125], "texture": "#glock_fade"},
				"west": {"uv": [15.125, 0, 16, 1], "texture": "#glock_fade"},
				"up": {"uv": [15.125, 0, 16, 2.375], "texture": "#glock_fade"},
				"down": {"uv": [15.125, 0, 16, 2.375], "texture": "#glock_fade"}
			}
		},
		{
			"from": [1.25, 9.5, -2.25],
			"to": [2.25, 10, -1.75],
			"rotation": {"angle": 22.5, "axis": "z", "origin": [1.25, 10, -2.25]},
			"faces": {
				"north": {"uv": [9.5, 6, 1, 8], "texture": "#glock_fade"},
				"east": {"uv": [6.75, 9, 7.25, 9.5], "texture": "#glock_fade"},
				"south": {"uv": [15, 8.625, 16, 9.125], "texture": "#glock_fade"},
				"west": {"uv": [6.75, 9, 7.25, 9.5], "texture": "#glock_fade"},
				"up": {"uv": [1.375, 9, 2.375, 9.5], "texture": "#glock_fade"},
				"down": {"uv": [1.375, 9, 2.375, 9.5], "texture": "#glock_fade"}
			}
		},
		{
			"from": [13.25, 9.75, -2.7],
			"to": [13.75, 10.25, -2.2],
			"rotation": {"angle": 22.5, "axis": "z", "origin": [13.25, 10.25, -2.7]},
			"faces": {
				"north": {"uv": [9.5, 6, 1, 8], "texture": "#glock_fade"},
				"east": {"uv": [7.5, 11, 8, 11.5], "texture": "#glock_fade"},
				"south": {"uv": [3, 9.75, 3.5, 10.25], "texture": "#glock_fade"},
				"west": {"uv": [7.5, 11, 8, 11.5], "texture": "#glock_fade"},
				"up": {"uv": [12.875, 9.875, 13.375, 10.375], "texture": "#glock_fade"},
				"down": {"uv": [12.875, 9.875, 13.375, 10.375], "texture": "#glock_fade"}
			}
		},
		{
			"from": [13.25, 8, -3],
			"to": [13.9375, 10, -1],
			"rotation": {"angle": 0, "axis": "y", "origin": [0, 0, -10]},
			"faces": {
				"north": {"uv": [9.5, 6, 1, 8], "texture": "#glock_fade"},
				"east": {"uv": [14.375, 6.625, 14.875, 7.875], "texture": "#glock_fade"},
				"south": {"uv": [13.25, 6, 13.9375, 8], "texture": "#glock_fade"},
				"west": {"uv": [14, 6, 14.25, 7.875], "texture": "#glock_fade"},
				"up": {"uv": [13.25, 7, 14, 8], "texture": "#glock_fade"},
				"down": {"uv": [2.75, 9, 2.0625, 7], "texture": "#glock_fade"}
			}
		},
		{
			"from": [13, 8, -2.8],
			"to": [13.25, 10, -1.2],
			"rotation": {"angle": 0, "axis": "y", "origin": [0, 0, -10]},
			"faces": {
				"north": {"uv": [9.5, 6, 1, 8], "texture": "#glock_fade"},
				"east": {"uv": [7.1875, 6, 8.75, 8], "texture": "#glock_fade"},
				"south": {"uv": [13, 6, 13.25, 8], "texture": "#glock_fade"},
				"west": {"uv": [7.1875, 6, 8.75, 8], "texture": "#glock_fade"},
				"up": {"uv": [13, 7.1875, 13.25, 7.9375], "texture": "#glock_fade"},
				"down": {"uv": [3, 8.75, 2.75, 7.1875], "texture": "#glock_fade"}
			}
		},
		{
			"from": [12.75, 8, -3],
			"to": [13, 10, -1],
			"rotation": {"angle": 0, "axis": "y", "origin": [0, 0, -10]},
			"faces": {
				"north": {"uv": [9.5, 6, 1, 8], "texture": "#glock_fade"},
				"east": {"uv": [13.375, 6, 13.75, 7.875], "texture": "#glock_fade"},
				"south": {"uv": [12.75, 6, 13, 8], "texture": "#glock_fade"},
				"west": {"uv": [13.375, 6, 13.75, 7.875], "texture": "#glock_fade"},
				"up": {"uv": [12.75, 7, 13, 8], "texture": "#glock_fade"},
				"down": {"uv": [3.25, 9, 3, 7], "texture": "#glock_fade"}
			}
		},
		{
			"from": [12.5, 8, -2.8],
			"to": [12.75, 10, -1.2],
			"rotation": {"angle": 0, "axis": "y", "origin": [0, 0, -10]},
			"faces": {
				"north": {"uv": [9.5, 6, 1, 8], "texture": "#glock_fade"},
				"east": {"uv": [7.1875, 6, 8.75, 8], "texture": "#glock_fade"},
				"south": {"uv": [12.5, 6, 12.75, 8], "texture": "#glock_fade"},
				"west": {"uv": [7.1875, 6, 8.75, 8], "texture": "#glock_fade"},
				"up": {"uv": [12.5, 7.1875, 12.75, 8.0625], "texture": "#glock_fade"},
				"down": {"uv": [3.5, 8.75, 3.25, 7.1875], "texture": "#glock_fade"}
			}
		},
		{
			"from": [12.25, 8, -3],
			"to": [12.5, 10, -1],
			"rotation": {"angle": 0, "axis": "y", "origin": [0, 0, -10]},
			"faces": {
				"north": {"uv": [9.5, 6, 1, 8], "texture": "#glock_fade"},
				"east": {"uv": [13, 6, 13.25, 8], "texture": "#glock_fade"},
				"south": {"uv": [12.25, 6, 12.5, 8], "texture": "#glock_fade"},
				"west": {"uv": [13, 6, 13.25, 8], "texture": "#glock_fade"},
				"up": {"uv": [12.25, 7, 12.5, 8], "texture": "#glock_fade"},
				"down": {"uv": [3.75, 9, 3.5, 7], "texture": "#glock_fade"}
			}
		},
		{
			"from": [12, 8, -2.8],
			"to": [12.25, 10, -1.2],
			"rotation": {"angle": 0, "axis": "y", "origin": [0, 0, -10]},
			"faces": {
				"north": {"uv": [9.5, 6, 1, 8], "texture": "#glock_fade"},
				"east": {"uv": [7.1875, 6, 8.75, 8], "texture": "#glock_fade"},
				"south": {"uv": [12, 6, 12.25, 8], "texture": "#glock_fade"},
				"west": {"uv": [7.1875, 6, 8.75, 8], "texture": "#glock_fade"},
				"up": {"uv": [12, 7.1875, 12.25, 7.9375], "texture": "#glock_fade"},
				"down": {"uv": [4, 8.75, 3.75, 7.1875], "texture": "#glock_fade"}
			}
		},
		{
			"from": [11.75, 8, -3],
			"to": [12, 10, -1],
			"rotation": {"angle": 0, "axis": "y", "origin": [0, 0, -10]},
			"faces": {
				"north": {"uv": [9.5, 6, 1, 8], "texture": "#glock_fade"},
				"east": {"uv": [12, 6, 12.25, 7.875], "texture": "#glock_fade"},
				"south": {"uv": [11.75, 6, 12, 8], "texture": "#glock_fade"},
				"west": {"uv": [12, 6, 12.25, 7.875], "texture": "#glock_fade"},
				"up": {"uv": [11.75, 7, 12, 8], "texture": "#glock_fade"},
				"down": {"uv": [4.25, 9, 4, 7], "texture": "#glock_fade"}
			}
		},
		{
			"from": [11.5, 8, -2.8],
			"to": [11.75, 10, -1.2],
			"rotation": {"angle": 0, "axis": "y", "origin": [0, 0, -10]},
			"faces": {
				"north": {"uv": [9.5, 6, 1, 8], "texture": "#glock_fade"},
				"east": {"uv": [7.1875, 6, 8.75, 8], "texture": "#glock_fade"},
				"south": {"uv": [11.5, 6, 11.75, 8], "texture": "#glock_fade"},
				"west": {"uv": [7.1875, 6, 8.75, 8], "texture": "#glock_fade"},
				"up": {"uv": [11.5, 7.1875, 11.75, 7.9375], "texture": "#glock_fade"},
				"down": {"uv": [4.5, 8.75, 4.25, 7.1875], "texture": "#glock_fade"}
			}
		},
		{
			"from": [11.25, 8, -3],
			"to": [11.5, 10, -1],
			"rotation": {"angle": 0, "axis": "y", "origin": [0, 0, -10]},
			"faces": {
				"north": {"uv": [9.5, 6, 1, 8], "texture": "#glock_fade"},
				"east": {"uv": [12, 6, 12.25, 8], "texture": "#glock_fade"},
				"south": {"uv": [11.25, 6, 11.5, 8], "texture": "#glock_fade"},
				"west": {"uv": [12, 6, 12.25, 8], "texture": "#glock_fade"},
				"up": {"uv": [11.25, 7, 11.5, 8], "texture": "#glock_fade"},
				"down": {"uv": [4.75, 9, 4.5, 7], "texture": "#glock_fade"}
			}
		},
		{
			"from": [11, 8, -2.8],
			"to": [11.25, 10, -1.2],
			"rotation": {"angle": 0, "axis": "y", "origin": [0, 0, -10]},
			"faces": {
				"north": {"uv": [9.5, 6, 1, 8], "texture": "#glock_fade"},
				"east": {"uv": [7.1875, 6, 8.75, 8], "texture": "#glock_fade"},
				"south": {"uv": [11, 6, 11.25, 8], "texture": "#glock_fade"},
				"west": {"uv": [7.1875, 6, 8.75, 8], "texture": "#glock_fade"},
				"up": {"uv": [11, 7.1875, 11.25, 8.0625], "texture": "#glock_fade"},
				"down": {"uv": [5, 8.75, 4.75, 7.1875], "texture": "#glock_fade"}
			}
		},
		{
			"from": [10.75, 8, -3],
			"to": [11, 10, -1],
			"rotation": {"angle": 0, "axis": "y", "origin": [0, 0, -10]},
			"faces": {
				"north": {"uv": [9.5, 6, 1, 8], "texture": "#glock_fade"},
				"east": {"uv": [10.625, 6, 10.875, 8], "texture": "#glock_fade"},
				"south": {"uv": [10.75, 6, 11, 8], "texture": "#glock_fade"},
				"west": {"uv": [10.625, 6, 10.875, 8], "texture": "#glock_fade"},
				"up": {"uv": [10.75, 7, 11, 8], "texture": "#glock_fade"},
				"down": {"uv": [5.25, 9, 5, 7], "texture": "#glock_fade"}
			}
		},
		{
			"from": [10.5, 8, -2.8],
			"to": [10.75, 10, -1.2],
			"rotation": {"angle": 0, "axis": "y", "origin": [0, 0, -10]},
			"faces": {
				"north": {"uv": [9.5, 6, 1, 8], "texture": "#glock_fade"},
				"east": {"uv": [7.1875, 6, 8.75, 8], "texture": "#glock_fade"},
				"south": {"uv": [10.5, 6, 10.75, 8], "texture": "#glock_fade"},
				"west": {"uv": [7.1875, 6, 8.75, 8], "texture": "#glock_fade"},
				"up": {"uv": [10.5, 7.1875, 10.75, 7.9375], "texture": "#glock_fade"},
				"down": {"uv": [5.5, 8.75, 5.25, 7.1875], "texture": "#glock_fade"}
			}
		},
		{
			"from": [10.25, 8, -3],
			"to": [10.5, 10, -1],
			"rotation": {"angle": 0, "axis": "y", "origin": [0, 0, -10]},
			"faces": {
				"north": {"uv": [9.5, 6, 1, 8], "texture": "#glock_fade"},
				"east": {"uv": [10.25, 6, 10.625, 8], "texture": "#glock_fade"},
				"south": {"uv": [10.25, 6, 10.5, 8], "texture": "#glock_fade"},
				"west": {"uv": [10.25, 6, 10.625, 8], "texture": "#glock_fade"},
				"up": {"uv": [10.25, 7, 10.5, 8], "texture": "#glock_fade"},
				"down": {"uv": [5.75, 9, 5.5, 7], "texture": "#glock_fade"}
			}
		},
		{
			"from": [10, 8, -2.8],
			"to": [10.25, 10, -1.2],
			"rotation": {"angle": 0, "axis": "y", "origin": [0, 0, -10]},
			"faces": {
				"north": {"uv": [9.5, 6, 1, 8], "texture": "#glock_fade"},
				"east": {"uv": [7.1875, 6, 8.75, 8], "texture": "#glock_fade"},
				"south": {"uv": [10, 6, 10.25, 8], "texture": "#glock_fade"},
				"west": {"uv": [7.1875, 6, 8.75, 8], "texture": "#glock_fade"},
				"up": {"uv": [10.75, 6, 11, 6.5], "texture": "#glock_fade"},
				"down": {"uv": [6, 8.75, 5.75, 7.1875], "texture": "#glock_fade"}
			}
		},
		{
			"from": [9.75, 8, -3],
			"to": [10, 10, -1],
			"rotation": {"angle": 0, "axis": "y", "origin": [0, 0, -10]},
			"faces": {
				"north": {"uv": [9.5, 6, 1, 8], "texture": "#glock_fade"},
				"east": {"uv": [9.75, 6, 10.125, 8], "texture": "#glock_fade"},
				"south": {"uv": [9.75, 6, 10, 8], "texture": "#glock_fade"},
				"west": {"uv": [9.75, 6, 10.125, 8], "texture": "#glock_fade"},
				"up": {"uv": [10, 6.5, 10.25, 7], "texture": "#glock_fade"},
				"down": {"uv": [6.25, 9, 6, 7], "texture": "#glock_fade"}
			}
		},
		{
			"from": [9.5, 8, -2.8],
			"to": [9.75, 10, -1.2],
			"rotation": {"angle": 0, "axis": "y", "origin": [0, 0, -10]},
			"faces": {
				"north": {"uv": [9.5, 6, 1, 8], "texture": "#glock_fade"},
				"east": {"uv": [7.1875, 6, 8.75, 8], "texture": "#glock_fade"},
				"south": {"uv": [9.5, 6, 9.75, 8], "texture": "#glock_fade"},
				"west": {"uv": [7.1875, 6, 8.75, 8], "texture": "#glock_fade"},
				"up": {"uv": [9.875, 6, 10.125, 6.5], "texture": "#glock_fade"},
				"down": {"uv": [6.875, 6, 7.125, 6.5], "texture": "#glock_fade"}
			}
		},
		{
			"from": [1, 8, -3],
			"to": [9.5, 10, -1],
			"rotation": {"angle": 0, "axis": "y", "origin": [0, 0, -10]},
			"faces": {
				"north": {"uv": [9.5, 6, 1, 8], "texture": "#glock_fade"},
				"east": {"uv": [9.125, 6, 9.5, 7.875], "texture": "#glock_fade"},
				"south": {"uv": [1, 6, 9.5, 8], "texture": "#glock_fade"},
				"west": {"uv": [15.25, 5.75, 16, 6.875], "texture": "#glock_fade"},
				"up": {"uv": [1.25, 6.125, 9.75, 6.125], "texture": "#glock_fade"},
				"down": {"uv": [1.25, 6.125, 9.875, 6.5], "texture": "#glock_fade"}
			}
		},
		{
			"from": [10.25, 8, 21.75],
			"to": [10.5, 10, 23.75],
			"rotation": {"angle": 0, "axis": "y", "origin": [0, 0, 14.75]},
			"faces": {
				"north": {"uv": [9.5, 6, 1, 8], "texture": "#glock_fade"},
				"east": {"uv": [10.25, 6, 10.625, 8], "texture": "#glock_fade"},
				"south": {"uv": [10.25, 6, 10.5, 8], "texture": "#glock_fade"},
				"west": {"uv": [10.25, 6, 10.625, 8], "texture": "#glock_fade"},
				"up": {"uv": [10.25, 7, 10.5, 8], "texture": "#glock_fade"},
				"down": {"uv": [5.75, 9, 5.5, 7], "texture": "#glock_fade"}
			}
		},
		{
			"from": [1, 8, 21.75],
			"to": [9.5, 10, 23.75],
			"rotation": {"angle": 0, "axis": "y", "origin": [0, 0, 14.75]},
			"faces": {
				"north": {"uv": [9.5, 6, 1, 8], "texture": "#glock_fade"},
				"east": {"uv": [9.125, 6, 9.5, 7.875], "texture": "#glock_fade"},
				"south": {"uv": [1, 6, 9.5, 8], "texture": "#glock_fade"},
				"west": {"uv": [15.25, 5.75, 16, 6.875], "texture": "#glock_fade"},
				"up": {"uv": [1.25, 6.125, 9.75, 6.125], "texture": "#glock_fade"},
				"down": {"uv": [1.25, 6.125, 9.875, 6.5], "texture": "#glock_fade"}
			}
		},
		{
			"from": [9.5, 8, 21.95],
			"to": [9.75, 10, 23.55],
			"rotation": {"angle": 0, "axis": "y", "origin": [0, 0, 14.75]},
			"faces": {
				"north": {"uv": [9.5, 6, 1, 8], "texture": "#glock_fade"},
				"east": {"uv": [7.1875, 6, 8.75, 8], "texture": "#glock_fade"},
				"south": {"uv": [9.5, 6, 9.75, 8], "texture": "#glock_fade"},
				"west": {"uv": [7.1875, 6, 8.75, 8], "texture": "#glock_fade"},
				"up": {"uv": [9.875, 6, 10.125, 6.5], "texture": "#glock_fade"},
				"down": {"uv": [6.875, 6, 7.125, 6.5], "texture": "#glock_fade"}
			}
		},
		{
			"from": [9.75, 8, 21.75],
			"to": [10, 10, 23.75],
			"rotation": {"angle": 0, "axis": "y", "origin": [0, 0, 14.75]},
			"faces": {
				"north": {"uv": [9.5, 6, 1, 8], "texture": "#glock_fade"},
				"east": {"uv": [9.75, 6, 10.125, 8], "texture": "#glock_fade"},
				"south": {"uv": [9.75, 6, 10, 8], "texture": "#glock_fade"},
				"west": {"uv": [9.75, 6, 10.125, 8], "texture": "#glock_fade"},
				"up": {"uv": [10, 6.5, 10.25, 7], "texture": "#glock_fade"},
				"down": {"uv": [6.25, 9, 6, 7], "texture": "#glock_fade"}
			}
		},
		{
			"from": [10, 8, 21.95],
			"to": [10.25, 10, 23.55],
			"rotation": {"angle": 0, "axis": "y", "origin": [0, 0, 14.75]},
			"faces": {
				"north": {"uv": [9.5, 6, 1, 8], "texture": "#glock_fade"},
				"east": {"uv": [7.1875, 6, 8.75, 8], "texture": "#glock_fade"},
				"south": {"uv": [10, 6, 10.25, 8], "texture": "#glock_fade"},
				"west": {"uv": [7.1875, 6, 8.75, 8], "texture": "#glock_fade"},
				"up": {"uv": [10.75, 6, 11, 6.5], "texture": "#glock_fade"},
				"down": {"uv": [6, 8.75, 5.75, 7.1875], "texture": "#glock_fade"}
			}
		},
		{
			"from": [10.5, 8, 21.95],
			"to": [10.75, 10, 23.55],
			"rotation": {"angle": 0, "axis": "y", "origin": [0, 0, 14.75]},
			"faces": {
				"north": {"uv": [9.5, 6, 1, 8], "texture": "#glock_fade"},
				"east": {"uv": [7.1875, 6, 8.75, 8], "texture": "#glock_fade"},
				"south": {"uv": [10.5, 6, 10.75, 8], "texture": "#glock_fade"},
				"west": {"uv": [7.1875, 6, 8.75, 8], "texture": "#glock_fade"},
				"up": {"uv": [10.5, 7.1875, 10.75, 7.9375], "texture": "#glock_fade"},
				"down": {"uv": [5.5, 8.75, 5.25, 7.1875], "texture": "#glock_fade"}
			}
		},
		{
			"from": [10.75, 8, 21.75],
			"to": [11, 10, 23.75],
			"rotation": {"angle": 0, "axis": "y", "origin": [0, 0, 14.75]},
			"faces": {
				"north": {"uv": [9.5, 6, 1, 8], "texture": "#glock_fade"},
				"east": {"uv": [10.625, 6, 10.875, 8], "texture": "#glock_fade"},
				"south": {"uv": [10.75, 6, 11, 8], "texture": "#glock_fade"},
				"west": {"uv": [10.625, 6, 10.875, 8], "texture": "#glock_fade"},
				"up": {"uv": [10.75, 7, 11, 8], "texture": "#glock_fade"},
				"down": {"uv": [5.25, 9, 5, 7], "texture": "#glock_fade"}
			}
		},
		{
			"from": [11, 8, 21.95],
			"to": [11.25, 10, 23.55],
			"rotation": {"angle": 0, "axis": "y", "origin": [0, 0, 14.75]},
			"faces": {
				"north": {"uv": [9.5, 6, 1, 8], "texture": "#glock_fade"},
				"east": {"uv": [7.1875, 6, 8.75, 8], "texture": "#glock_fade"},
				"south": {"uv": [11, 6, 11.25, 8], "texture": "#glock_fade"},
				"west": {"uv": [7.1875, 6, 8.75, 8], "texture": "#glock_fade"},
				"up": {"uv": [11, 7.1875, 11.25, 8.0625], "texture": "#glock_fade"},
				"down": {"uv": [5, 8.75, 4.75, 7.1875], "texture": "#glock_fade"}
			}
		},
		{
			"from": [11.25, 8, 21.75],
			"to": [11.5, 10, 23.75],
			"rotation": {"angle": 0, "axis": "y", "origin": [0, 0, 14.75]},
			"faces": {
				"north": {"uv": [9.5, 6, 1, 8], "texture": "#glock_fade"},
				"east": {"uv": [12, 6, 12.25, 8], "texture": "#glock_fade"},
				"south": {"uv": [11.25, 6, 11.5, 8], "texture": "#glock_fade"},
				"west": {"uv": [12, 6, 12.25, 8], "texture": "#glock_fade"},
				"up": {"uv": [11.25, 7, 11.5, 8], "texture": "#glock_fade"},
				"down": {"uv": [4.75, 9, 4.5, 7], "texture": "#glock_fade"}
			}
		},
		{
			"from": [11.5, 8, 21.95],
			"to": [11.75, 10, 23.55],
			"rotation": {"angle": 0, "axis": "y", "origin": [0, 0, 14.75]},
			"faces": {
				"north": {"uv": [9.5, 6, 1, 8], "texture": "#glock_fade"},
				"east": {"uv": [7.1875, 6, 8.75, 8], "texture": "#glock_fade"},
				"south": {"uv": [11.5, 6, 11.75, 8], "texture": "#glock_fade"},
				"west": {"uv": [7.1875, 6, 8.75, 8], "texture": "#glock_fade"},
				"up": {"uv": [11.5, 7.1875, 11.75, 7.9375], "texture": "#glock_fade"},
				"down": {"uv": [4.5, 8.75, 4.25, 7.1875], "texture": "#glock_fade"}
			}
		},
		{
			"from": [11.75, 8, 21.75],
			"to": [12, 10, 23.75],
			"rotation": {"angle": 0, "axis": "y", "origin": [0, 0, 14.75]},
			"faces": {
				"north": {"uv": [9.5, 6, 1, 8], "texture": "#glock_fade"},
				"east": {"uv": [12, 6, 12.25, 7.875], "texture": "#glock_fade"},
				"south": {"uv": [11.75, 6, 12, 8], "texture": "#glock_fade"},
				"west": {"uv": [12, 6, 12.25, 7.875], "texture": "#glock_fade"},
				"up": {"uv": [11.75, 7, 12, 8], "texture": "#glock_fade"},
				"down": {"uv": [4.25, 9, 4, 7], "texture": "#glock_fade"}
			}
		},
		{
			"from": [12, 8, 21.95],
			"to": [12.25, 10, 23.55],
			"rotation": {"angle": 0, "axis": "y", "origin": [0, 0, 14.75]},
			"faces": {
				"north": {"uv": [9.5, 6, 1, 8], "texture": "#glock_fade"},
				"east": {"uv": [7.1875, 6, 8.75, 8], "texture": "#glock_fade"},
				"south": {"uv": [12, 6, 12.25, 8], "texture": "#glock_fade"},
				"west": {"uv": [7.1875, 6, 8.75, 8], "texture": "#glock_fade"},
				"up": {"uv": [12, 7.1875, 12.25, 7.9375], "texture": "#glock_fade"},
				"down": {"uv": [4, 8.75, 3.75, 7.1875], "texture": "#glock_fade"}
			}
		},
		{
			"from": [12.25, 8, 21.75],
			"to": [12.5, 10, 23.75],
			"rotation": {"angle": 0, "axis": "y", "origin": [0, 0, 14.75]},
			"faces": {
				"north": {"uv": [9.5, 6, 1, 8], "texture": "#glock_fade"},
				"east": {"uv": [13, 6, 13.25, 8], "texture": "#glock_fade"},
				"south": {"uv": [12.25, 6, 12.5, 8], "texture": "#glock_fade"},
				"west": {"uv": [13, 6, 13.25, 8], "texture": "#glock_fade"},
				"up": {"uv": [12.25, 7, 12.5, 8], "texture": "#glock_fade"},
				"down": {"uv": [3.75, 9, 3.5, 7], "texture": "#glock_fade"}
			}
		},
		{
			"from": [12.5, 8, 21.95],
			"to": [12.75, 10, 23.55],
			"rotation": {"angle": 0, "axis": "y", "origin": [0, 0, 14.75]},
			"faces": {
				"north": {"uv": [9.5, 6, 1, 8], "texture": "#glock_fade"},
				"east": {"uv": [7.1875, 6, 8.75, 8], "texture": "#glock_fade"},
				"south": {"uv": [12.5, 6, 12.75, 8], "texture": "#glock_fade"},
				"west": {"uv": [7.1875, 6, 8.75, 8], "texture": "#glock_fade"},
				"up": {"uv": [12.5, 7.1875, 12.75, 8.0625], "texture": "#glock_fade"},
				"down": {"uv": [3.5, 8.75, 3.25, 7.1875], "texture": "#glock_fade"}
			}
		},
		{
			"from": [12.75, 8, 21.75],
			"to": [13, 10, 23.75],
			"rotation": {"angle": 0, "axis": "y", "origin": [0, 0, 14.75]},
			"faces": {
				"north": {"uv": [9.5, 6, 1, 8], "texture": "#glock_fade"},
				"east": {"uv": [13.375, 6, 13.75, 7.875], "texture": "#glock_fade"},
				"south": {"uv": [12.75, 6, 13, 8], "texture": "#glock_fade"},
				"west": {"uv": [13.375, 6, 13.75, 7.875], "texture": "#glock_fade"},
				"up": {"uv": [12.75, 7, 13, 8], "texture": "#glock_fade"},
				"down": {"uv": [3.25, 9, 3, 7], "texture": "#glock_fade"}
			}
		},
		{
			"from": [13, 8, 21.95],
			"to": [13.25, 10, 23.55],
			"rotation": {"angle": 0, "axis": "y", "origin": [0, 0, 14.75]},
			"faces": {
				"north": {"uv": [9.5, 6, 1, 8], "texture": "#glock_fade"},
				"east": {"uv": [7.1875, 6, 8.75, 8], "texture": "#glock_fade"},
				"south": {"uv": [13, 6, 13.25, 8], "texture": "#glock_fade"},
				"west": {"uv": [7.1875, 6, 8.75, 8], "texture": "#glock_fade"},
				"up": {"uv": [13, 7.1875, 13.25, 7.9375], "texture": "#glock_fade"},
				"down": {"uv": [3, 8.75, 2.75, 7.1875], "texture": "#glock_fade"}
			}
		},
		{
			"from": [13.25, 8, 21.75],
			"to": [13.9375, 10, 23.75],
			"rotation": {"angle": 0, "axis": "y", "origin": [0, 0, 14.75]},
			"faces": {
				"north": {"uv": [9.5, 6, 1, 8], "texture": "#glock_fade"},
				"east": {"uv": [14.375, 6.625, 14.875, 7.875], "texture": "#glock_fade"},
				"south": {"uv": [13.25, 6, 13.9375, 8], "texture": "#glock_fade"},
				"west": {"uv": [14, 6, 14.25, 7.875], "texture": "#glock_fade"},
				"up": {"uv": [13.25, 7, 14, 8], "texture": "#glock_fade"},
				"down": {"uv": [2.75, 9, 2.0625, 7], "texture": "#glock_fade"}
			}
		},
		{
			"from": [13.25, 9.75, 22.05],
			"to": [13.75, 10.25, 22.55],
			"rotation": {"angle": 22.5, "axis": "z", "origin": [13.25, 10.25, 22.05]},
			"faces": {
				"north": {"uv": [9.5, 6, 1, 8], "texture": "#glock_fade"},
				"east": {"uv": [7.5, 11, 8, 11.5], "texture": "#glock_fade"},
				"south": {"uv": [3, 9.75, 3.5, 10.25], "texture": "#glock_fade"},
				"west": {"uv": [7.5, 11, 8, 11.5], "texture": "#glock_fade"},
				"up": {"uv": [12.875, 9.875, 13.375, 10.375], "texture": "#glock_fade"},
				"down": {"uv": [12.875, 9.875, 13.375, 10.375], "texture": "#glock_fade"}
			}
		},
		{
			"from": [1.25, 9.5, 22.5],
			"to": [2.25, 10, 23],
			"rotation": {"angle": 22.5, "axis": "z", "origin": [1.25, 10, 22.5]},
			"faces": {
				"north": {"uv": [9.5, 6, 1, 8], "texture": "#glock_fade"},
				"east": {"uv": [6.75, 9, 7.25, 9.5], "texture": "#glock_fade"},
				"south": {"uv": [15, 8.625, 16, 9.125], "texture": "#glock_fade"},
				"west": {"uv": [6.75, 9, 7.25, 9.5], "texture": "#glock_fade"},
				"up": {"uv": [1.375, 9, 2.375, 9.5], "texture": "#glock_fade"},
				"down": {"uv": [1.375, 9, 2.375, 9.5], "texture": "#glock_fade"}
			}
		},
		{
			"from": [1, 7.01, 21.75],
			"to": [12.5, 8.01, 23.75],
			"rotation": {"angle": 0, "axis": "y", "origin": [0, 0, 14.75]},
			"faces": {
				"north": {"uv": [9.5, 6, 1, 8], "texture": "#glock_fade"},
				"east": {"uv": [15.125, 0, 16, 1], "texture": "#glock_fade"},
				"south": {"uv": [15.25, 1.25, 16, 2.125], "texture": "#glock_fade"},
				"west": {"uv": [15.125, 0, 16, 1], "texture": "#glock_fade"},
				"up": {"uv": [15.125, 0, 16, 2.375], "texture": "#glock_fade"},
				"down": {"uv": [15.125, 0, 16, 2.375], "texture": "#glock_fade"}
			}
		},
		{
			"from": [11.4375, 6.125, 21.75],
			"to": [13.4375, 6.625, 23.75],
			"rotation": {"angle": 45, "axis": "z", "origin": [11.4375, 6.625, 21.75]},
			"faces": {
				"north": {"uv": [9.5, 6, 1, 8], "texture": "#glock_fade"},
				"east": {"uv": [15.125, 0, 16, 1], "texture": "#glock_fade"},
				"south": {"uv": [15.25, 1.25, 16, 2.125], "texture": "#glock_fade"},
				"west": {"uv": [15.125, 0, 16, 1], "texture": "#glock_fade"},
				"up": {"uv": [15.125, 0, 16, 2.375], "texture": "#glock_fade"},
				"down": {"uv": [15.125, 0, 16, 2.375], "texture": "#glock_fade"}
			}
		},
		{
			"from": [12.75, 7.5625, 21.76],
			"to": [13.75, 8.0625, 23.74],
			"rotation": {"angle": 22.5, "axis": "z", "origin": [12.75, 8.0625, 21.76]},
			"faces": {
				"north": {"uv": [9.5, 6, 1, 8], "texture": "#glock_fade"},
				"east": {"uv": [15.125, 0, 16, 1], "texture": "#glock_fade"},
				"south": {"uv": [15.25, 1.25, 16, 2.125], "texture": "#glock_fade"},
				"west": {"uv": [15.125, 0, 16, 1], "texture": "#glock_fade"},
				"up": {"uv": [15.125, 0, 16, 2.375], "texture": "#glock_fade"},
				"down": {"uv": [15.125, 0, 16, 2.375], "texture": "#glock_fade"}
			}
		},
		{
			"from": [12.375, 6.5, 21.75],
			"to": [12.875, 8, 23.75],
			"rotation": {"angle": 0, "axis": "y", "origin": [0, 0, 14.75]},
			"faces": {
				"north": {"uv": [9.5, 6, 1, 8], "texture": "#glock_fade"},
				"east": {"uv": [15.125, 0, 16, 1], "texture": "#glock_fade"},
				"south": {"uv": [15.25, 1.25, 16, 2.125], "texture": "#glock_fade"},
				"west": {"uv": [15.125, 0, 16, 1], "texture": "#glock_fade"},
				"up": {"uv": [15.125, 0, 16, 2.375], "texture": "#glock_fade"},
				"down": {"uv": [15.125, 0, 16, 2.375], "texture": "#glock_fade"}
			}
		},
		{
			"from": [6.5, 5, 22],
			"to": [7, 7, 23.5],
			"rotation": {"angle": 0, "axis": "y", "origin": [0, 0, 14.75]},
			"faces": {
				"north": {"uv": [9.5, 6, 1, 8], "texture": "#glock_fade"},
				"east": {"uv": [15.125, 0, 16, 1], "texture": "#glock_fade"},
				"south": {"uv": [15.25, 1.25, 16, 2.125], "texture": "#glock_fade"},
				"west": {"uv": [15.125, 0, 16, 1], "texture": "#glock_fade"},
				"up": {"uv": [15.125, 0, 16, 2.375], "texture": "#glock_fade"},
				"down": {"uv": [15.125, 0, 16, 2.375], "texture": "#glock_fade"}
			}
		},
		{
			"from": [6.5, 4.5, 22],
			"to": [10.5, 5, 23.5],
			"rotation": {"angle": 0, "axis": "y", "origin": [0, 0, 14.75]},
			"faces": {
				"north": {"uv": [9.5, 6, 1, 8], "texture": "#glock_fade"},
				"east": {"uv": [15.125, 0, 16, 1], "texture": "#glock_fade"},
				"south": {"uv": [15.25, 1.25, 16, 2.125], "texture": "#glock_fade"},
				"west": {"uv": [15.125, 0, 16, 1], "texture": "#glock_fade"},
				"up": {"uv": [15.125, 0, 16, 2.375], "texture": "#glock_fade"},
				"down": {"uv": [15.125, 0, 16, 2.375], "texture": "#glock_fade"}
			}
		},
		{
			"from": [0.46887, 8.5, 22.25],
			"to": [1, 9.5, 23.25],
			"rotation": {"angle": 0, "axis": "y", "origin": [0, 0, 14.75]},
			"faces": {
				"north": {"uv": [9.5, 6, 1, 8], "texture": "#glock_fade"},
				"east": {"uv": [7, 8.875, 8, 9.875], "texture": "#glock_fade"},
				"south": {"uv": [15, 8.875, 15.5, 9.875], "texture": "#glock_fade"},
				"west": {"uv": [7, 8.875, 8, 9.875], "texture": "#glock_fade"},
				"up": {"uv": [0.25, 10.875, 0.75, 11.875], "texture": "#glock_fade"},
				"down": {"uv": [0.25, 10.875, 0.75, 11.875], "texture": "#glock_fade"}
			}
		},
		{
			"from": [6.25, 6.875, 22],
			"to": [7.25, 7.375, 23.5],
			"rotation": {"angle": -45, "axis": "z", "origin": [6.25, 7.375, 22]},
			"faces": {
				"north": {"uv": [9.5, 6, 1, 8], "texture": "#glock_fade"},
				"east": {"uv": [15.125, 0, 16, 1], "texture": "#glock_fade"},
				"south": {"uv": [15.25, 1.25, 16, 2.125], "texture": "#glock_fade"},
				"west": {"uv": [15.125, 0, 16, 1], "texture": "#glock_fade"},
				"up": {"uv": [15.125, 0, 16, 2.375], "texture": "#glock_fade"},
				"down": {"uv": [15.125, 0, 16, 2.375], "texture": "#glock_fade"}
			}
		},
		{
			"from": [9.125, 1.75, 21.75],
			"to": [12.625, 6.75, 23.75],
			"rotation": {"angle": 22.5, "axis": "z", "origin": [9.125, 6.75, 21.75]},
			"faces": {
				"north": {"uv": [9.5, 6, 1, 8], "texture": "#glock_fade"},
				"east": {"uv": [15.125, 0, 16, 1], "texture": "#glock_fade"},
				"south": {"uv": [15.25, 1.25, 16, 2.125], "texture": "#glock_fade"},
				"west": {"uv": [15.125, 0, 16, 1], "texture": "#glock_fade"},
				"up": {"uv": [15.125, 0, 16, 2.375], "texture": "#glock_fade"},
				"down": {"uv": [15.125, 0, 16, 2.375], "texture": "#glock_fade"}
			}
		},
		{
			"from": [8.8125, 6.9375, 21.75],
			"to": [9.8125, 7.4375, 23.75],
			"rotation": {"angle": -22.5, "axis": "z", "origin": [8.8125, 7.4375, 21.75]},
			"faces": {
				"north": {"uv": [9.5, 6, 1, 8], "texture": "#glock_fade"},
				"east": {"uv": [15.125, 0, 16, 1], "texture": "#glock_fade"},
				"south": {"uv": [15.25, 1.25, 16, 2.125], "texture": "#glock_fade"},
				"west": {"uv": [15.125, 0, 16, 1], "texture": "#glock_fade"},
				"up": {"uv": [15.125, 0, 16, 2.375], "texture": "#glock_fade"},
				"down": {"uv": [15.125, 0, 16, 2.375], "texture": "#glock_fade"}
			}
		},
		{
			"from": [8.8125, 5.375, 22],
			"to": [9.3125, 7.375, 23],
			"rotation": {"angle": -22.5, "axis": "z", "origin": [8.8125, 7.375, 22]},
			"faces": {
				"north": {"uv": [9.5, 6, 1, 8], "texture": "#glock_fade"},
				"east": {"uv": [9.625, 10.625, 10.625, 12.625], "texture": "#glock_fade"},
				"south": {"uv": [13.625, 9.5, 14.125, 11.5], "texture": "#glock_fade"},
				"west": {"uv": [9.625, 10.625, 10.625, 12.625], "texture": "#glock_fade"},
				"up": {"uv": [13.25, 11.125, 13.75, 12.125], "texture": "#glock_fade"},
				"down": {"uv": [13.25, 11.125, 13.75, 12.125], "texture": "#glock_fade"}
			}
		},
		{
			"from": [6.875, 5.125, 22],
			"to": [7.875, 5.625, 23.5],
			"rotation": {"angle": -45, "axis": "z", "origin": [6.875, 5.625, 22]},
			"faces": {
				"north": {"uv": [9.5, 6, 1, 8], "texture": "#glock_fade"},
				"east": {"uv": [15.125, 0, 16, 1], "texture": "#glock_fade"},
				"south": {"uv": [15.25, 1.25, 16, 2.125], "texture": "#glock_fade"},
				"west": {"uv": [15.125, 0, 16, 1], "texture": "#glock_fade"},
				"up": {"uv": [15.125, 0, 16, 2.375], "texture": "#glock_fade"},
				"down": {"uv": [15.125, 0, 16, 2.375], "texture": "#glock_fade"}
			}
		},
		{
			"from": [9.5, 4.5, 22],
			"to": [10.5, 5, 23.5],
			"rotation": {"angle": -22.5, "axis": "z", "origin": [9.5, 5, 22]},
			"faces": {
				"north": {"uv": [9.5, 6, 1, 8], "texture": "#glock_fade"},
				"east": {"uv": [15.125, 0, 16, 1], "texture": "#glock_fade"},
				"south": {"uv": [15.25, 1.25, 16, 2.125], "texture": "#glock_fade"},
				"west": {"uv": [15.125, 0, 16, 1], "texture": "#glock_fade"},
				"up": {"uv": [15.125, 0, 16, 2.375], "texture": "#glock_fade"},
				"down": {"uv": [15.125, 0, 16, 2.375], "texture": "#glock_fade"}
			}
		},
		{
			"from": [9.6875, 4.875, 22],
			"to": [10.1875, 5.875, 23.5],
			"rotation": {"angle": -22.5, "axis": "z", "origin": [9.6875, 5.875, 22]},
			"faces": {
				"north": {"uv": [9.5, 6, 1, 8], "texture": "#glock_fade"},
				"east": {"uv": [15.125, 0, 16, 1], "texture": "#glock_fade"},
				"south": {"uv": [15.25, 1.25, 16, 2.125], "texture": "#glock_fade"},
				"west": {"uv": [15.125, 0, 16, 1], "texture": "#glock_fade"},
				"up": {"uv": [15.125, 0, 16, 2.375], "texture": "#glock_fade"},
				"down": {"uv": [15.125, 0, 16, 2.375], "texture": "#glock_fade"}
			}
		},
		{
			"from": [11.125, 1.3275, 21.75],
			"to": [13.625, 2.1875, 23.75],
			"rotation": {"angle": 22.5, "axis": "z", "origin": [11.125, 2.1875, 21.75]},
			"faces": {
				"north": {"uv": [9.5, 6, 1, 8], "texture": "#glock_fade"},
				"east": {"uv": [7, 13.8125, 9, 14.625], "texture": "#glock_fade"},
				"south": {"uv": [2.375, 13.8125, 4.875, 14.625], "texture": "#glock_fade"},
				"west": {"uv": [7, 13.8125, 9, 14.625], "texture": "#glock_fade"},
				"up": {"uv": [8.5, 13.5, 11, 15.5], "texture": "#glock_fade"},
				"down": {"uv": [8.5, 13.5, 11, 15.5], "texture": "#glock_fade"}
			}
		},
		{
			"from": [13.375, 2.625, 21.75],
			"to": [14.345, 3.125, 23.75],
			"rotation": {"angle": 22.5, "axis": "z", "origin": [13.375, 3.125, 21.75]},
			"faces": {
				"north": {"uv": [9.5, 6, 1, 8], "texture": "#glock_fade"},
				"east": {"uv": [15.125, 0, 16, 1], "texture": "#glock_fade"},
				"south": {"uv": [15.25, 1.25, 16, 2.125], "texture": "#glock_fade"},
				"west": {"uv": [15.125, 0, 16, 1], "texture": "#glock_fade"},
				"up": {"uv": [15.125, 0, 16, 2.375], "texture": "#glock_fade"},
				"down": {"uv": [15.125, 0, 16, 2.375], "texture": "#glock_fade"}
			}
		},
		{
			"from": [13.4, 2.1875, 21.75],
			"to": [14.4, 2.6875, 23.75],
			"rotation": {"angle": 45, "axis": "z", "origin": [13.4, 2.6875, 21.75]},
			"faces": {
				"north": {"uv": [9.5, 6, 1, 8], "texture": "#glock_fade"},
				"east": {"uv": [15.125, 0, 16, 1], "texture": "#glock_fade"},
				"south": {"uv": [15.25, 1.25, 16, 2.125], "texture": "#glock_fade"},
				"west": {"uv": [15.125, 0, 16, 1], "texture": "#glock_fade"},
				"up": {"uv": [15.125, 0, 16, 2.375], "texture": "#glock_fade"},
				"down": {"uv": [15.125, 0, 16, 2.375], "texture": "#glock_fade"}
			}
		},
		{
			"from": [13, 8, 21.75],
			"to": [13.5, 8.375, 23.75],
			"rotation": {"angle": 0, "axis": "y", "origin": [0, 0, 14.75]},
			"faces": {
				"north": {"uv": [9.5, 6, 1, 8], "texture": "#glock_fade"},
				"east": {"uv": [7, 7.625, 9, 8], "texture": "#glock_fade"},
				"south": {"uv": [13, 7.625, 13.5, 8], "texture": "#glock_fade"},
				"west": {"uv": [7, 7.625, 9, 8], "texture": "#glock_fade"},
				"up": {"uv": [13, 7, 13.5, 8], "texture": "#glock_fade"},
				"down": {"uv": [3, 9, 2.5, 7], "texture": "#glock_fade"}
			}
		},
		{
			"from": [8.25, 7.0625, 23.5625],
			"to": [8.5625, 7.75, 24.0625],
			"rotation": {"angle": 22.5, "axis": "z", "origin": [8.25, 7.75, 23.5625]},
			"faces": {
				"north": {"uv": [9.5, 6, 1, 8], "texture": "#glock_fade"},
				"east": {"uv": [6.6875, 8.25, 7.1875, 8.9375], "texture": "#glock_fade"},
				"south": {"uv": [8.25, 8.25, 8.5625, 8.9375], "texture": "#glock_fade"},
				"west": {"uv": [8.8125, 8.25, 9.3125, 8.9375], "texture": "#glock_fade"},
				"up": {"uv": [8.25, 8.8125, 8.5625, 9.3125], "texture": "#glock_fade"},
				"down": {"uv": [7.75, 9.3125, 7.4375, 8.8125], "texture": "#glock_fade"}
			}
		},
		{
			"from": [13.25, 9.75, 23.05],
			"to": [13.75, 10.25, 23.55],
			"rotation": {"angle": 22.5, "axis": "z", "origin": [13.25, 10.25, 23.05]},
			"faces": {
				"north": {"uv": [9.5, 6, 1, 8], "texture": "#glock_fade"},
				"east": {"uv": [7.625, 9.875, 8.125, 10.375], "texture": "#glock_fade"},
				"south": {"uv": [2.75, 8.875, 3.25, 9.375], "texture": "#glock_fade"},
				"west": {"uv": [7.625, 9.875, 8.125, 10.375], "texture": "#glock_fade"},
				"up": {"uv": [13.25, 8.25, 13.75, 8.75], "texture": "#glock_fade"},
				"down": {"uv": [2.75, 8.75, 2.25, 8.25], "texture": "#glock_fade"}
			}
		},
		{
			"from": [10, 7.52, 22.9375],
			"to": [10.875, 8.02, 23.9375],
			"rotation": {"angle": 0, "axis": "y", "origin": [0, 0, 14.75]},
			"faces": {
				"north": {"uv": [9.5, 6, 1, 8], "texture": "#glock_fade"},
				"east": {"uv": [9.75, 7.5, 10.625, 8], "texture": "#glock_fade"},
				"south": {"uv": [10, 7.5, 10.875, 8], "texture": "#glock_fade"},
				"west": {"uv": [9.75, 7.5, 10.625, 8], "texture": "#glock_fade"},
				"up": {"uv": [9.75, 7.5, 10.625, 8], "texture": "#glock_fade"},
				"down": {"uv": [9.75, 7.5, 10.625, 8], "texture": "#glock_fade"}
			}
		},
		{
			"from": [10, 7.52, 22.9375],
			"to": [10.875, 8.02, 23.9375],
			"rotation": {"angle": 0, "axis": "y", "origin": [0, 0, 14.75]},
			"faces": {
				"north": {"uv": [9.5, 6, 1, 8], "texture": "#glock_fade"},
				"east": {"uv": [9.75, 7.5, 10.625, 8], "texture": "#glock_fade"},
				"south": {"uv": [10, 7.5, 10.875, 8], "texture": "#glock_fade"},
				"west": {"uv": [9.75, 7.5, 10.625, 8], "texture": "#glock_fade"},
				"up": {"uv": [9.75, 7.5, 10.625, 8], "texture": "#glock_fade"},
				"down": {"uv": [9.75, 7.5, 10.625, 8], "texture": "#glock_fade"}
			}
		},
		{
			"from": [13.25, 9.75, 23.05],
			"to": [13.75, 10.25, 23.55],
			"rotation": {"angle": 22.5, "axis": "z", "origin": [13.25, 10.25, 23.05]},
			"faces": {
				"north": {"uv": [9.5, 6, 1, 8], "texture": "#glock_fade"},
				"east": {"uv": [7.625, 9.875, 8.125, 10.375], "texture": "#glock_fade"},
				"south": {"uv": [2.75, 8.875, 3.25, 9.375], "texture": "#glock_fade"},
				"west": {"uv": [7.625, 9.875, 8.125, 10.375], "texture": "#glock_fade"},
				"up": {"uv": [13.25, 8.25, 13.75, 8.75], "texture": "#glock_fade"},
				"down": {"uv": [2.75, 8.75, 2.25, 8.25], "texture": "#glock_fade"}
			}
		},
		{
			"from": [8.25, 7.0625, 23.5625],
			"to": [8.5625, 7.75, 24.0625],
			"rotation": {"angle": 22.5, "axis": "z", "origin": [8.25, 7.75, 23.5625]},
			"faces": {
				"north": {"uv": [9.5, 6, 1, 8], "texture": "#glock_fade"},
				"east": {"uv": [6.6875, 8.25, 7.1875, 8.9375], "texture": "#glock_fade"},
				"south": {"uv": [8.25, 8.25, 8.5625, 8.9375], "texture": "#glock_fade"},
				"west": {"uv": [8.8125, 8.25, 9.3125, 8.9375], "texture": "#glock_fade"},
				"up": {"uv": [8.25, 8.8125, 8.5625, 9.3125], "texture": "#glock_fade"},
				"down": {"uv": [7.75, 9.3125, 7.4375, 8.8125], "texture": "#glock_fade"}
			}
		},
		{
			"from": [13, 8, 21.75],
			"to": [13.5, 8.375, 23.75],
			"rotation": {"angle": 0, "axis": "y", "origin": [0, 0, 14.75]},
			"faces": {
				"north": {"uv": [9.5, 6, 1, 8], "texture": "#glock_fade"},
				"east": {"uv": [7, 7.625, 9, 8], "texture": "#glock_fade"},
				"south": {"uv": [13, 7.625, 13.5, 8], "texture": "#glock_fade"},
				"west": {"uv": [7, 7.625, 9, 8], "texture": "#glock_fade"},
				"up": {"uv": [13, 7, 13.5, 8], "texture": "#glock_fade"},
				"down": {"uv": [3, 9, 2.5, 7], "texture": "#glock_fade"}
			}
		},
		{
			"from": [13.4, 2.1875, 21.75],
			"to": [14.4, 2.6875, 23.75],
			"rotation": {"angle": 45, "axis": "z", "origin": [13.4, 2.6875, 21.75]},
			"faces": {
				"north": {"uv": [9.5, 6, 1, 8], "texture": "#glock_fade"},
				"east": {"uv": [15.125, 0, 16, 1], "texture": "#glock_fade"},
				"south": {"uv": [15.25, 1.25, 16, 2.125], "texture": "#glock_fade"},
				"west": {"uv": [15.125, 0, 16, 1], "texture": "#glock_fade"},
				"up": {"uv": [15.125, 0, 16, 2.375], "texture": "#glock_fade"},
				"down": {"uv": [15.125, 0, 16, 2.375], "texture": "#glock_fade"}
			}
		},
		{
			"from": [13.375, 2.625, 21.75],
			"to": [14.345, 3.125, 23.75],
			"rotation": {"angle": 22.5, "axis": "z", "origin": [13.375, 3.125, 21.75]},
			"faces": {
				"north": {"uv": [9.5, 6, 1, 8], "texture": "#glock_fade"},
				"east": {"uv": [15.125, 0, 16, 1], "texture": "#glock_fade"},
				"south": {"uv": [15.25, 1.25, 16, 2.125], "texture": "#glock_fade"},
				"west": {"uv": [15.125, 0, 16, 1], "texture": "#glock_fade"},
				"up": {"uv": [15.125, 0, 16, 2.375], "texture": "#glock_fade"},
				"down": {"uv": [15.125, 0, 16, 2.375], "texture": "#glock_fade"}
			}
		},
		{
			"from": [11.125, 1.3275, 21.75],
			"to": [13.625, 2.1875, 23.75],
			"rotation": {"angle": 22.5, "axis": "z", "origin": [11.125, 2.1875, 21.75]},
			"faces": {
				"north": {"uv": [9.5, 6, 1, 8], "texture": "#glock_fade"},
				"east": {"uv": [7, 13.8125, 9, 14.625], "texture": "#glock_fade"},
				"south": {"uv": [2.375, 13.8125, 4.875, 14.625], "texture": "#glock_fade"},
				"west": {"uv": [7, 13.8125, 9, 14.625], "texture": "#glock_fade"},
				"up": {"uv": [8.5, 13.5, 11, 15.5], "texture": "#glock_fade"},
				"down": {"uv": [8.5, 13.5, 11, 15.5], "texture": "#glock_fade"}
			}
		},
		{
			"from": [9.6875, 4.875, 22],
			"to": [10.1875, 5.875, 23.5],
			"rotation": {"angle": -22.5, "axis": "z", "origin": [9.6875, 5.875, 22]},
			"faces": {
				"north": {"uv": [9.5, 6, 1, 8], "texture": "#glock_fade"},
				"east": {"uv": [15.125, 0, 16, 1], "texture": "#glock_fade"},
				"south": {"uv": [15.25, 1.25, 16, 2.125], "texture": "#glock_fade"},
				"west": {"uv": [15.125, 0, 16, 1], "texture": "#glock_fade"},
				"up": {"uv": [15.125, 0, 16, 2.375], "texture": "#glock_fade"},
				"down": {"uv": [15.125, 0, 16, 2.375], "texture": "#glock_fade"}
			}
		},
		{
			"from": [9.5, 4.5, 22],
			"to": [10.5, 5, 23.5],
			"rotation": {"angle": -22.5, "axis": "z", "origin": [9.5, 5, 22]},
			"faces": {
				"north": {"uv": [9.5, 6, 1, 8], "texture": "#glock_fade"},
				"east": {"uv": [15.125, 0, 16, 1], "texture": "#glock_fade"},
				"south": {"uv": [15.25, 1.25, 16, 2.125], "texture": "#glock_fade"},
				"west": {"uv": [15.125, 0, 16, 1], "texture": "#glock_fade"},
				"up": {"uv": [15.125, 0, 16, 2.375], "texture": "#glock_fade"},
				"down": {"uv": [15.125, 0, 16, 2.375], "texture": "#glock_fade"}
			}
		},
		{
			"from": [6.875, 5.125, 22],
			"to": [7.875, 5.625, 23.5],
			"rotation": {"angle": -45, "axis": "z", "origin": [6.875, 5.625, 22]},
			"faces": {
				"north": {"uv": [9.5, 6, 1, 8], "texture": "#glock_fade"},
				"east": {"uv": [15.125, 0, 16, 1], "texture": "#glock_fade"},
				"south": {"uv": [15.25, 1.25, 16, 2.125], "texture": "#glock_fade"},
				"west": {"uv": [15.125, 0, 16, 1], "texture": "#glock_fade"},
				"up": {"uv": [15.125, 0, 16, 2.375], "texture": "#glock_fade"},
				"down": {"uv": [15.125, 0, 16, 2.375], "texture": "#glock_fade"}
			}
		},
		{
			"from": [8.8125, 5.375, 22],
			"to": [9.3125, 7.375, 23],
			"rotation": {"angle": -22.5, "axis": "z", "origin": [8.8125, 7.375, 22]},
			"faces": {
				"north": {"uv": [9.5, 6, 1, 8], "texture": "#glock_fade"},
				"east": {"uv": [9.625, 10.625, 10.625, 12.625], "texture": "#glock_fade"},
				"south": {"uv": [13.625, 9.5, 14.125, 11.5], "texture": "#glock_fade"},
				"west": {"uv": [9.625, 10.625, 10.625, 12.625], "texture": "#glock_fade"},
				"up": {"uv": [13.25, 11.125, 13.75, 12.125], "texture": "#glock_fade"},
				"down": {"uv": [13.25, 11.125, 13.75, 12.125], "texture": "#glock_fade"}
			}
		},
		{
			"from": [8.8125, 6.9375, 21.75],
			"to": [9.8125, 7.4375, 23.75],
			"rotation": {"angle": -22.5, "axis": "z", "origin": [8.8125, 7.4375, 21.75]},
			"faces": {
				"north": {"uv": [9.5, 6, 1, 8], "texture": "#glock_fade"},
				"east": {"uv": [15.125, 0, 16, 1], "texture": "#glock_fade"},
				"south": {"uv": [15.25, 1.25, 16, 2.125], "texture": "#glock_fade"},
				"west": {"uv": [15.125, 0, 16, 1], "texture": "#glock_fade"},
				"up": {"uv": [15.125, 0, 16, 2.375], "texture": "#glock_fade"},
				"down": {"uv": [15.125, 0, 16, 2.375], "texture": "#glock_fade"}
			}
		},
		{
			"from": [9.125, 1.75, 21.75],
			"to": [12.625, 6.75, 23.75],
			"rotation": {"angle": 22.5, "axis": "z", "origin": [9.125, 6.75, 21.75]},
			"faces": {
				"north": {"uv": [9.5, 6, 1, 8], "texture": "#glock_fade"},
				"east": {"uv": [15.125, 0, 16, 1], "texture": "#glock_fade"},
				"south": {"uv": [15.25, 1.25, 16, 2.125], "texture": "#glock_fade"},
				"west": {"uv": [15.125, 0, 16, 1], "texture": "#glock_fade"},
				"up": {"uv": [15.125, 0, 16, 2.375], "texture": "#glock_fade"},
				"down": {"uv": [15.125, 0, 16, 2.375], "texture": "#glock_fade"}
			}
		},
		{
			"from": [6.25, 6.875, 22],
			"to": [7.25, 7.375, 23.5],
			"rotation": {"angle": -45, "axis": "z", "origin": [6.25, 7.375, 22]},
			"faces": {
				"north": {"uv": [9.5, 6, 1, 8], "texture": "#glock_fade"},
				"east": {"uv": [15.125, 0, 16, 1], "texture": "#glock_fade"},
				"south": {"uv": [15.25, 1.25, 16, 2.125], "texture": "#glock_fade"},
				"west": {"uv": [15.125, 0, 16, 1], "texture": "#glock_fade"},
				"up": {"uv": [15.125, 0, 16, 2.375], "texture": "#glock_fade"},
				"down": {"uv": [15.125, 0, 16, 2.375], "texture": "#glock_fade"}
			}
		},
		{
			"from": [0.5, 8.5, 22.25],
			"to": [1, 9.5, 23.25],
			"rotation": {"angle": 0, "axis": "y", "origin": [0, 0, 14.75]},
			"faces": {
				"north": {"uv": [9.5, 6, 1, 8], "texture": "#glock_fade"},
				"east": {"uv": [7, 8.875, 8, 9.875], "texture": "#glock_fade"},
				"south": {"uv": [15, 8.875, 15.5, 9.875], "texture": "#glock_fade"},
				"west": {"uv": [7, 8.875, 8, 9.875], "texture": "#glock_fade"},
				"up": {"uv": [0.25, 10.875, 0.75, 11.875], "texture": "#glock_fade"},
				"down": {"uv": [0.25, 10.875, 0.75, 11.875], "texture": "#glock_fade"}
			}
		},
		{
			"from": [6.5, 4.5, 22],
			"to": [10.5, 5, 23.5],
			"rotation": {"angle": 0, "axis": "y", "origin": [0, 0, 14.75]},
			"faces": {
				"north": {"uv": [9.5, 6, 1, 8], "texture": "#glock_fade"},
				"east": {"uv": [15.125, 0, 16, 1], "texture": "#glock_fade"},
				"south": {"uv": [15.25, 1.25, 16, 2.125], "texture": "#glock_fade"},
				"west": {"uv": [15.125, 0, 16, 1], "texture": "#glock_fade"},
				"up": {"uv": [15.125, 0, 16, 2.375], "texture": "#glock_fade"},
				"down": {"uv": [15.125, 0, 16, 2.375], "texture": "#glock_fade"}
			}
		},
		{
			"from": [6.5, 5, 22],
			"to": [7, 7, 23.5],
			"rotation": {"angle": 0, "axis": "y", "origin": [0, 0, 14.75]},
			"faces": {
				"north": {"uv": [9.5, 6, 1, 8], "texture": "#glock_fade"},
				"east": {"uv": [15.125, 0, 16, 1], "texture": "#glock_fade"},
				"south": {"uv": [15.25, 1.25, 16, 2.125], "texture": "#glock_fade"},
				"west": {"uv": [15.125, 0, 16, 1], "texture": "#glock_fade"},
				"up": {"uv": [15.125, 0, 16, 2.375], "texture": "#glock_fade"},
				"down": {"uv": [15.125, 0, 16, 2.375], "texture": "#glock_fade"}
			}
		},
		{
			"from": [12.375, 6.5, 21.75],
			"to": [12.875, 8, 23.75],
			"rotation": {"angle": 0, "axis": "y", "origin": [0, 0, 14.75]},
			"faces": {
				"north": {"uv": [9.5, 6, 1, 8], "texture": "#glock_fade"},
				"east": {"uv": [15.125, 0, 16, 1], "texture": "#glock_fade"},
				"south": {"uv": [15.25, 1.25, 16, 2.125], "texture": "#glock_fade"},
				"west": {"uv": [15.125, 0, 16, 1], "texture": "#glock_fade"},
				"up": {"uv": [15.125, 0, 16, 2.375], "texture": "#glock_fade"},
				"down": {"uv": [15.125, 0, 16, 2.375], "texture": "#glock_fade"}
			}
		},
		{
			"from": [12.75, 7.5625, 21.76],
			"to": [13.75, 8.0625, 23.74],
			"rotation": {"angle": 22.5, "axis": "z", "origin": [12.75, 8.0625, 21.76]},
			"faces": {
				"north": {"uv": [9.5, 6, 1, 8], "texture": "#glock_fade"},
				"east": {"uv": [15.125, 0, 16, 1], "texture": "#glock_fade"},
				"south": {"uv": [15.25, 1.25, 16, 2.125], "texture": "#glock_fade"},
				"west": {"uv": [15.125, 0, 16, 1], "texture": "#glock_fade"},
				"up": {"uv": [15.125, 0, 16, 2.375], "texture": "#glock_fade"},
				"down": {"uv": [15.125, 0, 16, 2.375], "texture": "#glock_fade"}
			}
		},
		{
			"from": [11.4375, 6.125, 21.75],
			"to": [13.4375, 6.625, 23.75],
			"rotation": {"angle": 45, "axis": "z", "origin": [11.4375, 6.625, 21.75]},
			"faces": {
				"north": {"uv": [9.5, 6, 1, 8], "texture": "#glock_fade"},
				"east": {"uv": [15.125, 0, 16, 1], "texture": "#glock_fade"},
				"south": {"uv": [15.25, 1.25, 16, 2.125], "texture": "#glock_fade"},
				"west": {"uv": [15.125, 0, 16, 1], "texture": "#glock_fade"},
				"up": {"uv": [15.125, 0, 16, 2.375], "texture": "#glock_fade"},
				"down": {"uv": [15.125, 0, 16, 2.375], "texture": "#glock_fade"}
			}
		},
		{
			"from": [1, 7.01, 21.75],
			"to": [12.5, 8.01, 23.75],
			"rotation": {"angle": 0, "axis": "y", "origin": [0, 0, 14.75]},
			"faces": {
				"north": {"uv": [9.5, 6, 1, 8], "texture": "#glock_fade"},
				"east": {"uv": [15.125, 0, 16, 1], "texture": "#glock_fade"},
				"south": {"uv": [15.25, 1.25, 16, 2.125], "texture": "#glock_fade"},
				"west": {"uv": [15.125, 0, 16, 1], "texture": "#glock_fade"},
				"up": {"uv": [15.125, 0, 16, 2.375], "texture": "#glock_fade"},
				"down": {"uv": [15.125, 0, 16, 2.375], "texture": "#glock_fade"}
			}
		},
		{
			"from": [1.25, 9.5, 22.5],
			"to": [2.25, 10, 23],
			"rotation": {"angle": 22.5, "axis": "z", "origin": [1.25, 10, 22.5]},
			"faces": {
				"north": {"uv": [9.5, 6, 1, 8], "texture": "#glock_fade"},
				"east": {"uv": [6.75, 9, 7.25, 9.5], "texture": "#glock_fade"},
				"south": {"uv": [15, 8.625, 16, 9.125], "texture": "#glock_fade"},
				"west": {"uv": [6.75, 9, 7.25, 9.5], "texture": "#glock_fade"},
				"up": {"uv": [1.375, 9, 2.375, 9.5], "texture": "#glock_fade"},
				"down": {"uv": [1.375, 9, 2.375, 9.5], "texture": "#glock_fade"}
			}
		},
		{
			"from": [13.25, 9.75, 22.05],
			"to": [13.75, 10.25, 22.55],
			"rotation": {"angle": 22.5, "axis": "z", "origin": [13.25, 10.25, 22.05]},
			"faces": {
				"north": {"uv": [9.5, 6, 1, 8], "texture": "#glock_fade"},
				"east": {"uv": [7.5, 11, 8, 11.5], "texture": "#glock_fade"},
				"south": {"uv": [3, 9.75, 3.5, 10.25], "texture": "#glock_fade"},
				"west": {"uv": [7.5, 11, 8, 11.5], "texture": "#glock_fade"},
				"up": {"uv": [12.875, 9.875, 13.375, 10.375], "texture": "#glock_fade"},
				"down": {"uv": [12.875, 9.875, 13.375, 10.375], "texture": "#glock_fade"}
			}
		},
		{
			"from": [13.25, 8, 21.75],
			"to": [13.9375, 10, 23.75],
			"rotation": {"angle": 0, "axis": "y", "origin": [0, 0, 14.75]},
			"faces": {
				"north": {"uv": [9.5, 6, 1, 8], "texture": "#glock_fade"},
				"east": {"uv": [14.375, 6.625, 14.875, 7.875], "texture": "#glock_fade"},
				"south": {"uv": [13.25, 6, 13.9375, 8], "texture": "#glock_fade"},
				"west": {"uv": [14, 6, 14.25, 7.875], "texture": "#glock_fade"},
				"up": {"uv": [13.25, 7, 14, 8], "texture": "#glock_fade"},
				"down": {"uv": [2.75, 9, 2.0625, 7], "texture": "#glock_fade"}
			}
		},
		{
			"from": [13, 8, 21.95],
			"to": [13.25, 10, 23.55],
			"rotation": {"angle": 0, "axis": "y", "origin": [0, 0, 14.75]},
			"faces": {
				"north": {"uv": [9.5, 6, 1, 8], "texture": "#glock_fade"},
				"east": {"uv": [7.1875, 6, 8.75, 8], "texture": "#glock_fade"},
				"south": {"uv": [13, 6, 13.25, 8], "texture": "#glock_fade"},
				"west": {"uv": [7.1875, 6, 8.75, 8], "texture": "#glock_fade"},
				"up": {"uv": [13, 7.1875, 13.25, 7.9375], "texture": "#glock_fade"},
				"down": {"uv": [3, 8.75, 2.75, 7.1875], "texture": "#glock_fade"}
			}
		},
		{
			"from": [12.75, 8, 21.75],
			"to": [13, 10, 23.75],
			"rotation": {"angle": 0, "axis": "y", "origin": [0, 0, 14.75]},
			"faces": {
				"north": {"uv": [9.5, 6, 1, 8], "texture": "#glock_fade"},
				"east": {"uv": [13.375, 6, 13.75, 7.875], "texture": "#glock_fade"},
				"south": {"uv": [12.75, 6, 13, 8], "texture": "#glock_fade"},
				"west": {"uv": [13.375, 6, 13.75, 7.875], "texture": "#glock_fade"},
				"up": {"uv": [12.75, 7, 13, 8], "texture": "#glock_fade"},
				"down": {"uv": [3.25, 9, 3, 7], "texture": "#glock_fade"}
			}
		},
		{
			"from": [12.5, 8, 21.95],
			"to": [12.75, 10, 23.55],
			"rotation": {"angle": 0, "axis": "y", "origin": [0, 0, 14.75]},
			"faces": {
				"north": {"uv": [9.5, 6, 1, 8], "texture": "#glock_fade"},
				"east": {"uv": [7.1875, 6, 8.75, 8], "texture": "#glock_fade"},
				"south": {"uv": [12.5, 6, 12.75, 8], "texture": "#glock_fade"},
				"west": {"uv": [7.1875, 6, 8.75, 8], "texture": "#glock_fade"},
				"up": {"uv": [12.5, 7.1875, 12.75, 8.0625], "texture": "#glock_fade"},
				"down": {"uv": [3.5, 8.75, 3.25, 7.1875], "texture": "#glock_fade"}
			}
		},
		{
			"from": [12.25, 8, 21.75],
			"to": [12.5, 10, 23.75],
			"rotation": {"angle": 0, "axis": "y", "origin": [0, 0, 14.75]},
			"faces": {
				"north": {"uv": [9.5, 6, 1, 8], "texture": "#glock_fade"},
				"east": {"uv": [13, 6, 13.25, 8], "texture": "#glock_fade"},
				"south": {"uv": [12.25, 6, 12.5, 8], "texture": "#glock_fade"},
				"west": {"uv": [13, 6, 13.25, 8], "texture": "#glock_fade"},
				"up": {"uv": [12.25, 7, 12.5, 8], "texture": "#glock_fade"},
				"down": {"uv": [3.75, 9, 3.5, 7], "texture": "#glock_fade"}
			}
		},
		{
			"from": [12, 8, 21.95],
			"to": [12.25, 10, 23.55],
			"rotation": {"angle": 0, "axis": "y", "origin": [0, 0, 14.75]},
			"faces": {
				"north": {"uv": [9.5, 6, 1, 8], "texture": "#glock_fade"},
				"east": {"uv": [7.1875, 6, 8.75, 8], "texture": "#glock_fade"},
				"south": {"uv": [12, 6, 12.25, 8], "texture": "#glock_fade"},
				"west": {"uv": [7.1875, 6, 8.75, 8], "texture": "#glock_fade"},
				"up": {"uv": [12, 7.1875, 12.25, 7.9375], "texture": "#glock_fade"},
				"down": {"uv": [4, 8.75, 3.75, 7.1875], "texture": "#glock_fade"}
			}
		},
		{
			"from": [11.75, 8, 21.75],
			"to": [12, 10, 23.75],
			"rotation": {"angle": 0, "axis": "y", "origin": [0, 0, 14.75]},
			"faces": {
				"north": {"uv": [9.5, 6, 1, 8], "texture": "#glock_fade"},
				"east": {"uv": [12, 6, 12.25, 7.875], "texture": "#glock_fade"},
				"south": {"uv": [11.75, 6, 12, 8], "texture": "#glock_fade"},
				"west": {"uv": [12, 6, 12.25, 7.875], "texture": "#glock_fade"},
				"up": {"uv": [11.75, 7, 12, 8], "texture": "#glock_fade"},
				"down": {"uv": [4.25, 9, 4, 7], "texture": "#glock_fade"}
			}
		},
		{
			"from": [11.5, 8, 21.95],
			"to": [11.75, 10, 23.55],
			"rotation": {"angle": 0, "axis": "y", "origin": [0, 0, 14.75]},
			"faces": {
				"north": {"uv": [9.5, 6, 1, 8], "texture": "#glock_fade"},
				"east": {"uv": [7.1875, 6, 8.75, 8], "texture": "#glock_fade"},
				"south": {"uv": [11.5, 6, 11.75, 8], "texture": "#glock_fade"},
				"west": {"uv": [7.1875, 6, 8.75, 8], "texture": "#glock_fade"},
				"up": {"uv": [11.5, 7.1875, 11.75, 7.9375], "texture": "#glock_fade"},
				"down": {"uv": [4.5, 8.75, 4.25, 7.1875], "texture": "#glock_fade"}
			}
		},
		{
			"from": [11.25, 8, 21.75],
			"to": [11.5, 10, 23.75],
			"rotation": {"angle": 0, "axis": "y", "origin": [0, 0, 14.75]},
			"faces": {
				"north": {"uv": [9.5, 6, 1, 8], "texture": "#glock_fade"},
				"east": {"uv": [12, 6, 12.25, 8], "texture": "#glock_fade"},
				"south": {"uv": [11.25, 6, 11.5, 8], "texture": "#glock_fade"},
				"west": {"uv": [12, 6, 12.25, 8], "texture": "#glock_fade"},
				"up": {"uv": [11.25, 7, 11.5, 8], "texture": "#glock_fade"},
				"down": {"uv": [4.75, 9, 4.5, 7], "texture": "#glock_fade"}
			}
		},
		{
			"from": [11, 8, 21.95],
			"to": [11.25, 10, 23.55],
			"rotation": {"angle": 0, "axis": "y", "origin": [0, 0, 14.75]},
			"faces": {
				"north": {"uv": [9.5, 6, 1, 8], "texture": "#glock_fade"},
				"east": {"uv": [7.1875, 6, 8.75, 8], "texture": "#glock_fade"},
				"south": {"uv": [11, 6, 11.25, 8], "texture": "#glock_fade"},
				"west": {"uv": [7.1875, 6, 8.75, 8], "texture": "#glock_fade"},
				"up": {"uv": [11, 7.1875, 11.25, 8.0625], "texture": "#glock_fade"},
				"down": {"uv": [5, 8.75, 4.75, 7.1875], "texture": "#glock_fade"}
			}
		},
		{
			"from": [10.75, 8, 21.75],
			"to": [11, 10, 23.75],
			"rotation": {"angle": 0, "axis": "y", "origin": [0, 0, 14.75]},
			"faces": {
				"north": {"uv": [9.5, 6, 1, 8], "texture": "#glock_fade"},
				"east": {"uv": [10.625, 6, 10.875, 8], "texture": "#glock_fade"},
				"south": {"uv": [10.75, 6, 11, 8], "texture": "#glock_fade"},
				"west": {"uv": [10.625, 6, 10.875, 8], "texture": "#glock_fade"},
				"up": {"uv": [10.75, 7, 11, 8], "texture": "#glock_fade"},
				"down": {"uv": [5.25, 9, 5, 7], "texture": "#glock_fade"}
			}
		},
		{
			"from": [10.5, 8, 21.95],
			"to": [10.75, 10, 23.55],
			"rotation": {"angle": 0, "axis": "y", "origin": [0, 0, 14.75]},
			"faces": {
				"north": {"uv": [9.5, 6, 1, 8], "texture": "#glock_fade"},
				"east": {"uv": [7.1875, 6, 8.75, 8], "texture": "#glock_fade"},
				"south": {"uv": [10.5, 6, 10.75, 8], "texture": "#glock_fade"},
				"west": {"uv": [7.1875, 6, 8.75, 8], "texture": "#glock_fade"},
				"up": {"uv": [10.5, 7.1875, 10.75, 7.9375], "texture": "#glock_fade"},
				"down": {"uv": [5.5, 8.75, 5.25, 7.1875], "texture": "#glock_fade"}
			}
		},
		{
			"from": [10.25, 8, 21.75],
			"to": [10.5, 10, 23.75],
			"rotation": {"angle": 0, "axis": "y", "origin": [0, 0, 14.75]},
			"faces": {
				"north": {"uv": [9.5, 6, 1, 8], "texture": "#glock_fade"},
				"east": {"uv": [10.25, 6, 10.625, 8], "texture": "#glock_fade"},
				"south": {"uv": [10.25, 6, 10.5, 8], "texture": "#glock_fade"},
				"west": {"uv": [10.25, 6, 10.625, 8], "texture": "#glock_fade"},
				"up": {"uv": [10.25, 7, 10.5, 8], "texture": "#glock_fade"},
				"down": {"uv": [5.75, 9, 5.5, 7], "texture": "#glock_fade"}
			}
		},
		{
			"from": [10, 8, 21.95],
			"to": [10.25, 10, 23.55],
			"rotation": {"angle": 0, "axis": "y", "origin": [0, 0, 14.75]},
			"faces": {
				"north": {"uv": [9.5, 6, 1, 8], "texture": "#glock_fade"},
				"east": {"uv": [7.1875, 6, 8.75, 8], "texture": "#glock_fade"},
				"south": {"uv": [10, 6, 10.25, 8], "texture": "#glock_fade"},
				"west": {"uv": [7.1875, 6, 8.75, 8], "texture": "#glock_fade"},
				"up": {"uv": [10.75, 6, 11, 6.5], "texture": "#glock_fade"},
				"down": {"uv": [6, 8.75, 5.75, 7.1875], "texture": "#glock_fade"}
			}
		},
		{
			"from": [9.75, 8, 21.75],
			"to": [10, 10, 23.75],
			"rotation": {"angle": 0, "axis": "y", "origin": [0, 0, 14.75]},
			"faces": {
				"north": {"uv": [9.5, 6, 1, 8], "texture": "#glock_fade"},
				"east": {"uv": [9.75, 6, 10.125, 8], "texture": "#glock_fade"},
				"south": {"uv": [9.75, 6, 10, 8], "texture": "#glock_fade"},
				"west": {"uv": [9.75, 6, 10.125, 8], "texture": "#glock_fade"},
				"up": {"uv": [10, 6.5, 10.25, 7], "texture": "#glock_fade"},
				"down": {"uv": [6.25, 9, 6, 7], "texture": "#glock_fade"}
			}
		},
		{
			"from": [9.5, 8, 21.95],
			"to": [9.75, 10, 23.55],
			"rotation": {"angle": 0, "axis": "y", "origin": [0, 0, 14.75]},
			"faces": {
				"north": {"uv": [9.5, 6, 1, 8], "texture": "#glock_fade"},
				"east": {"uv": [7.1875, 6, 8.75, 8], "texture": "#glock_fade"},
				"south": {"uv": [9.5, 6, 9.75, 8], "texture": "#glock_fade"},
				"west": {"uv": [7.1875, 6, 8.75, 8], "texture": "#glock_fade"},
				"up": {"uv": [9.875, 6, 10.125, 6.5], "texture": "#glock_fade"},
				"down": {"uv": [6.875, 6, 7.125, 6.5], "texture": "#glock_fade"}
			}
		},
		{
			"from": [1, 8, 21.75],
			"to": [9.5, 10, 23.75],
			"rotation": {"angle": 0, "axis": "y", "origin": [0, 0, 14.75]},
			"faces": {
				"north": {"uv": [9.5, 6, 1, 8], "texture": "#glock_fade"},
				"east": {"uv": [9.125, 6, 9.5, 7.875], "texture": "#glock_fade"},
				"south": {"uv": [1, 6, 9.5, 8], "texture": "#glock_fade"},
				"west": {"uv": [15.25, 5.75, 16, 6.875], "texture": "#glock_fade"},
				"up": {"uv": [1.25, 6.125, 9.75, 6.125], "texture": "#glock_fade"},
				"down": {"uv": [1.25, 6.125, 9.875, 6.5], "texture": "#glock_fade"}
			}
		}
	],
	"gui_light": "front",
	"display": {
		"thirdperson_righthand": {
			"rotation": [0, 270, 0],
			"translation": [-4.75, 1.55, 0.5],
			"scale": [0.5, 0.5, 0.5]
		},
		"thirdperson_lefthand": {
			"rotation": [0, 90, 0],
			"translation": [-7, 2.3, -0.5],
			"scale": [0.5, 0.5, 0.5]
		},
		"firstperson_righthand": {
			"rotation": [90, -90, 82.75],
			"translation": [-6.25, 2.5, -8],
			"scale": [1, 1, 1.1]
		},
		"firstperson_lefthand": {
			"rotation": [7, 90, 3],
			"translation": [-11.25, 2.55, -8.7],
			"scale": [1, 1, 0.62]
		},
		"ground": {
			"translation": [0, 0.85, -2.5],
			"scale": [0.75, 0.75, 0.37]
		},
		"gui": {
			"rotation": [6, -14, -24],
			"translation": [0.75, 0.75, 0],
			"scale": [0.9, 0.9, 0.9]
		},
		"head": {
			"rotation": [0, -90, 0],
			"translation": [1.5, 0, 0],
			"scale": [1, 1, 0.55]
		},
		"fixed": {
			"rotation": [6, -14, -24],
			"translation": [0, 1.5, -3.25],
			"scale": [1, 1, 0.14]
		}
	},
	"groups": [
		{
			"name": "group",
			"origin": [0, 0, 0],
			"color": 0,
			"children": [0, 1, 2, 3, 4, 5, 6, 7, 8, 9, 10, 11, 12, 13, 14, 15, 16, 17, 18, 19, 20, 21, 22, 23, 24, 25, 26, 27, 28, 29, 30, 31, 32, 33, 34, 35, 36, 37, 38, 39, 40, 41, 42, 43, 44, 45, 46, 47, 48, 49, 50, 51, 52, 53, 54, 55, 56, 57, 58, 59, 60, 61, 62, 63, 64, 65, 66, 67, 68, 69, 70, 71, 72, 73, 74, 75, 76, 77, 78]
		},
		{
			"name": "group",
			"origin": [0, 0, 0],
			"color": 0,
			"children": [79, 80, 81, 82, 83, 84, 85, 86, 87, 88, 89, 90, 91, 92, 93, 94, 95, 96, 97, 98, 99, 100, 101, 102, 103, 104, 105, 106, 107, 108, 109, 110, 111, 112, 113, 114, 115, 116, 117, 118, 119, 120, 121, 122, 123, 124, 125, 126, 127, 128, 129, 130, 131, 132, 133, 134, 135, 136, 137, 138, 139, 140, 141, 142, 143, 144, 145, 146, 147, 148, 149, 150, 151, 152, 153, 154, 155, 156, 157, 158]
		}
	]
}