{
	"credit": "Made with Blockbench",
	"textures": {
		"0": "laser_gun",
		"1": "block/redstone_block",
		"2": "block/lime_stained_glass",
		"particle": "laser_gun"
	},
	"elements": [
		{
			"from": [7.2, 3, 4],
			"to": [8.8, 4.4, 10],
			"faces": {
				"north": {"uv": [0, 3, 16, 13.4], "texture": "#0"},
				"east": {"uv": [10, 3, 16, 13.4], "texture": "#0"},
				"south": {"uv": [10, 5, 16, 13.4], "texture": "#0"},
				"west": {"uv": [10, 3, 16, 13.4], "texture": "#0"},
				"up": {"uv": [10, 3, 16, 11.4], "texture": "#0"},
				"down": {"uv": [0, 3, 16, 13.4], "texture": "#0"}
			}
		},
		{
			"from": [7, 2.7, 3],
			"to": [9, 4.7, 8],
			"faces": {
				"north": {"uv": [0, 9, 11, 12], "texture": "#0"},
				"east": {"uv": [0, 9, 11, 12], "texture": "#0"},
				"south": {"uv": [0, 9, 11, 12], "texture": "#0"},
				"west": {"uv": [0, 9, 11, 12], "texture": "#0"},
				"up": {"uv": [0, 9, 11, 12], "texture": "#0"},
				"down": {"uv": [0, 9, 11, 12], "texture": "#0"}
			}
		},
		{
			"from": [7.5, 2.3, 8],
			"to": [8.5, 3.6, 8.5],
			"rotation": {"angle": -22.5, "axis": "x", "origin": [8, 8, 8]},
			"faces": {
				"north": {"uv": [3, 10, 6, 15.3], "texture": "#0"},
				"east": {"uv": [3, 10, 6, 15.3], "texture": "#0"},
				"south": {"uv": [0, 4, 5, 8.3], "texture": "#0"},
				"west": {"uv": [3, 10, 6, 15.3], "texture": "#0"},
				"up": {"uv": [3, 10, 6, 15.3], "texture": "#0"},
				"down": {"uv": [3, 10, 6, 15.3], "texture": "#0"}
			}
		},
		{
			"from": [7.5, 4.4, 8.4],
			"to": [8.5, 4.6, 9.4],
			"faces": {
				"north": {"uv": [3, 10, 6, 16], "texture": "#0"},
				"east": {"uv": [3, 10, 6, 16], "texture": "#0"},
				"south": {"uv": [3, 10, 6, 16], "texture": "#0"},
				"west": {"uv": [3, 10, 6, 16], "texture": "#0"},
				"up": {"uv": [0, 4, 5, 9], "texture": "#0"},
				"down": {"uv": [3, 10, 6, 16], "texture": "#0"}
			}
		},
		{
			"from": [7.5, 0, 8.6],
			"to": [8.5, 1.5, 10.7],
			"faces": {
				"north": {"uv": [5, 0, 9.1, 3.5], "texture": "#0"},
				"east": {"uv": [5, 0, 8, 3], "texture": "#0"},
				"south": {"uv": [5, 0, 9.1, 3.5], "texture": "#0"},
				"west": {"uv": [5, 0, 9.1, 3.5], "texture": "#0"},
				"up": {"uv": [5, 0, 9.1, 3.5], "texture": "#0"},
				"down": {"uv": [5, 0, 9.1, 3.5], "texture": "#0"}
			}
		},
		{
			"from": [7.4, -0.025, 8.5],
			"to": [8.6, 0.3, 10.8],
			"faces": {
				"north": {"uv": [9, 0, 15.3, 2.3], "texture": "#0"},
				"east": {"uv": [9, 0, 15.3, 2.3], "texture": "#0"},
				"south": {"uv": [9, 0, 15.3, 2.3], "texture": "#0"},
				"west": {"uv": [9, 0, 15.3, 2.3], "texture": "#0"},
				"up": {"uv": [9, 0, 15.3, 2.3], "texture": "#0"},
				"down": {"uv": [9, 0, 15.3, 2.3], "texture": "#0"}
			}
		},
		{
			"from": [7.5, 1, 5.9],
			"to": [8.5, 3.5, 8],
			"rotation": {"angle": -22.5, "axis": "x", "origin": [8, 8, 8]},
			"faces": {
				"north": {"uv": [5, 0, 9, 8.5], "texture": "#0"},
				"east": {"uv": [5, 0, 9, 8.5], "texture": "#0"},
				"south": {"uv": [5, 0, 9, 8.5], "texture": "#0"},
				"west": {"uv": [5, 0, 9, 8.5], "texture": "#0"},
				"up": {"uv": [5, 0, 9, 8.5], "texture": "#0"},
				"down": {"uv": [5, 0, 9, 8.5], "texture": "#0"}
			}
		},
		{
			"from": [6.7, 3, 4.5],
			"to": [7, 4, 7.5],
			"faces": {
				"north": {"uv": [0, 10, 10.3, 12], "texture": "#0"},
				"east": {"uv": [0, 10, 10.3, 12], "texture": "#0"},
				"south": {"uv": [0, 10, 10.3, 12], "texture": "#0"},
				"west": {"uv": [0, 12, 10.3, 16], "texture": "#0"},
				"up": {"uv": [0, 10, 10.3, 12], "texture": "#0"},
				"down": {"uv": [0, 10, 10.3, 12], "texture": "#0"}
			}
		},
		{
			"from": [9, 3, 4.5],
			"to": [9.3, 4, 7.5],
			"faces": {
				"north": {"uv": [0, 10, 11, 12], "texture": "#0"},
				"east": {"uv": [0, 10, 11, 12], "texture": "#0"},
				"south": {"uv": [0, 10, 11, 12], "texture": "#0"},
				"west": {"uv": [0, 10, 11, 12], "texture": "#0"},
				"up": {"uv": [0, 10, 11, 12], "texture": "#0"},
				"down": {"uv": [0, 10, 11, 12], "texture": "#0"}
			}
		},
		{
			"from": [7.5, 4.675, 3.1],
			"to": [8.5, 5.25, 7.9],
			"faces": {
				"north": {"uv": [0, 0, 16, 16], "texture": "#2"},
				"east": {"uv": [0, 9, 10, 12], "texture": "#0"},
				"south": {"uv": [0, 0, 5, 4], "texture": "#2"},
				"west": {"uv": [0, 9, 10, 12], "texture": "#0"},
				"up": {"uv": [0, 9, 10, 12], "texture": "#0"},
				"down": {"uv": [0, 9, 10, 12], "texture": "#0"}
			}
		},
		{
			"from": [5, 6.1, 3],
			"to": [6, 6.4, 8],
			"rotation": {"angle": 45, "axis": "z", "origin": [8, 8, 8]},
			"faces": {
				"north": {"uv": [3, 10, 6, 16], "texture": "#0"},
				"east": {"uv": [3, 10, 6, 16], "texture": "#0"},
				"south": {"uv": [3, 10, 6, 16], "texture": "#0"},
				"west": {"uv": [3, 10, 6, 16], "texture": "#0"},
				"up": {"uv": [3, 10, 6, 16], "texture": "#0"},
				"down": {"uv": [3, 10, 6, 16], "texture": "#0"}
			}
		},
		{
			"from": [6.1, 5, 3],
			"to": [6.4, 6, 8],
			"rotation": {"angle": 45, "axis": "z", "origin": [8, 8, 8]},
			"faces": {
				"north": {"uv": [3, 10, 6, 16], "rotation": 270, "texture": "#0"},
				"east": {"uv": [3, 10, 6, 16], "rotation": 270, "texture": "#0"},
				"south": {"uv": [3, 10, 6, 16], "rotation": 270, "texture": "#0"},
				"west": {"uv": [3, 10, 6, 16], "rotation": 270, "texture": "#0"},
				"up": {"uv": [3, 10, 6, 16], "rotation": 270, "texture": "#0"},
				"down": {"uv": [3, 10, 6, 16], "rotation": 270, "texture": "#0"}
			}
		},
		{
			"from": [7.7, 5.2, 3],
			"to": [8.2, 5.45, 8],
			"faces": {
				"north": {"uv": [3, 11, 5.5, 16], "texture": "#0"},
				"east": {"uv": [3, 11, 5.5, 16], "texture": "#0"},
				"south": {"uv": [3, 11, 5.5, 16], "texture": "#0"},
				"west": {"uv": [3, 11, 5.5, 16], "texture": "#0"},
				"up": {"uv": [3, 11, 5.5, 16], "texture": "#0"},
				"down": {"uv": [3, 11, 5.5, 16], "texture": "#0"}
			}
		},
		{
			"from": [7.5, 2.4, 4.5],
			"to": [8.5, 2.7, 8.5],
			"faces": {
				"north": {"uv": [5, 0, 9, 9], "texture": "#0"},
				"east": {"uv": [5, 0, 9, 9], "texture": "#0"},
				"south": {"uv": [5, 0, 9, 9], "texture": "#0"},
				"west": {"uv": [5, 0, 9, 9], "texture": "#0"},
				"up": {"uv": [5, 0, 9, 9], "texture": "#0"},
				"down": {"uv": [5, 0, 9, 9], "texture": "#0"}
			}
		},
		{
			"from": [7.5, 1.525, 6.3],
			"to": [8.5, 1.725, 7],
			"rotation": {"angle": 22.5, "axis": "x", "origin": [8, 8, 8]},
			"faces": {
				"north": {"uv": [5, 0, 7.7, 8.2], "texture": "#0"},
				"east": {"uv": [5, 0, 7.7, 8.2], "texture": "#0"},
				"south": {"uv": [5, 0, 7.7, 8.2], "texture": "#0"},
				"west": {"uv": [5, 0, 7.7, 8.2], "texture": "#0"},
				"up": {"uv": [5, 0, 7.7, 8.2], "texture": "#0"},
				"down": {"uv": [5, 0, 8.7, 2.2], "texture": "#0"}
			}
		},
		{
			"from": [7.7, 3.6, 2.8],
			"to": [8.2, 4.1, 3],
			"faces": {
				"north": {"uv": [1, 1, 15, 15], "texture": "#1"},
				"east": {"uv": [1, 1, 15, 15], "texture": "#1"},
				"south": {"uv": [1, 1, 15, 15], "texture": "#1"},
				"west": {"uv": [1, 1, 15, 15], "texture": "#1"},
				"up": {"uv": [1, 1, 15, 15], "texture": "#1"},
				"down": {"uv": [1, 1, 15, 15], "texture": "#1"}
			}
		},
		{
			"from": [7, 3.7, 2.7],
			"to": [7.2, 4.7, 3],
			"rotation": {"angle": 22.5, "axis": "z", "origin": [8, 8, 8]},
			"faces": {
				"north": {"uv": [5, 0, 8.2, 9], "texture": "#0"},
				"east": {"uv": [5, 0, 8.2, 9], "texture": "#0"},
				"south": {"uv": [5, 0, 8.2, 9], "texture": "#0"},
				"west": {"uv": [5, 0, 8.2, 9], "texture": "#0"},
				"up": {"uv": [5, 0, 8.2, 9], "texture": "#0"},
				"down": {"uv": [5, 0, 8.2, 9], "texture": "#0"}
			}
		},
		{
			"from": [8.8, 3.7, 2.7],
			"to": [9, 4.7, 3],
			"rotation": {"angle": -22.5, "axis": "z", "origin": [8, 8, 8]},
			"faces": {
				"north": {"uv": [5, 0, 8.3, 9], "texture": "#0"},
				"east": {"uv": [5, 0, 8.3, 9], "texture": "#0"},
				"south": {"uv": [5, 0, 8.3, 9], "texture": "#0"},
				"west": {"uv": [5, 0, 8.3, 9], "texture": "#0"},
				"up": {"uv": [5, 0, 8.3, 9], "texture": "#0"},
				"down": {"uv": [5, 0, 8.3, 9], "texture": "#0"}
			}
		},
		{
			"from": [7.5, 4.5, 2.7],
			"to": [8.5, 4.7, 3],
			"faces": {
				"north": {"uv": [5, 0, 9, 1.3], "texture": "#0"},
				"east": {"uv": [5, 0, 9, 1.3], "texture": "#0"},
				"south": {"uv": [5, 0, 9, 1.3], "texture": "#0"},
				"west": {"uv": [5, 0, 9, 1.3], "texture": "#0"},
				"up": {"uv": [5, 0, 9, 1.3], "texture": "#0"},
				"down": {"uv": [5, 0, 9, 1.3], "texture": "#0"}
			}
		},
		{
			"from": [7.1, 3.12, 2.7],
			"to": [7.3, 3.72, 3],
			"faces": {
				"north": {"uv": [5, 0, 8.2, 4.6], "texture": "#0"},
				"east": {"uv": [5, 0, 8.2, 4.6], "texture": "#0"},
				"south": {"uv": [5, 0, 8.2, 4.6], "texture": "#0"},
				"west": {"uv": [5, 0, 8.2, 4.6], "texture": "#0"},
				"up": {"uv": [5, 0, 8.2, 4.6], "texture": "#0"},
				"down": {"uv": [5, 0, 8.2, 4.6], "texture": "#0"}
			}
		},
		{
			"from": [8.7, 3.12, 2.7],
			"to": [8.9, 3.72, 3],
			"faces": {
				"north": {"uv": [5, 0, 8.2, 4.6], "texture": "#0"},
				"east": {"uv": [5, 0, 8.2, 4.6], "texture": "#0"},
				"south": {"uv": [5, 0, 8.2, 4.6], "texture": "#0"},
				"west": {"uv": [5, 0, 8.2, 4.6], "texture": "#0"},
				"up": {"uv": [5, 0, 8.2, 4.6], "texture": "#0"},
				"down": {"uv": [5, 0, 8.2, 4.6], "texture": "#0"}
			}
		},
		{
			"from": [7.1, 3, 2.7],
			"to": [8.9, 3.2, 3],
			"faces": {
				"north": {"uv": [5, 0, 8.8, 1.2], "texture": "#0"},
				"east": {"uv": [5, 0, 8.8, 1.2], "texture": "#0"},
				"south": {"uv": [5, 0, 8.8, 1.2], "texture": "#0"},
				"west": {"uv": [5, 0, 8.8, 1.2], "texture": "#0"},
				"up": {"uv": [5, 0, 8.8, 1.2], "texture": "#0"},
				"down": {"uv": [5, 0, 8.8, 1.2], "texture": "#0"}
			}
		}
	],
	"gui_light": "front",
	"display": {
		"thirdperson_righthand": {
			"translation": [0, 9.5, -1.5],
			"scale": [1.75, 1.75, 1.75]
		},
		"thirdperson_lefthand": {
			"translation": [0, 9.5, -1.5],
			"scale": [1.75, 1.75, 1.75]
		},
		"firstperson_righthand": {
			"rotation": [11.5, 0, 0],
			"translation": [6.75, 7, -3],
			"scale": [1.6, 1.6, 1.6]
		},
		"firstperson_lefthand": {
			"rotation": [10, 0, 0],
			"translation": [-9.25, 9.25, -2],
			"scale": [1.75, 1.75, 1.75]
		},
		"ground": {
			"translation": [-0.25, 6, 0.25]
		},
		"gui": {
			"rotation": [36, 59.5, -29.25],
			"translation": [3.75, 8, 0],
			"scale": [1.7, 1.7, 1.7]
		},
		"fixed": {
			"rotation": [0, 90, 0],
			"translation": [2, 9, -1.75],
			"scale": [1.8, 1.8, 1.8]
		}
	},
	"groups": [0, 1, 2, 3,
		{
			"name": "handle",
			"origin": [8, 8, 8],
			"color": 0,
			"children": [4, 5, 6, 7, 8, 9, 10]
		}, 11, 12, 13, 14, 15, 16, 17, 18, 19, 20, 21]
}