{
    "parent": "item/generated",
    "textures": {
        "layer0": "item/crossbow_standby"
    },
    "display": {
        "thirdperson_righthand": {
            "rotation": [ -90, 0, -60 ],
            "translation": [ 2, 0.1, -3 ],
            "scale": [ 0.9, 0.9, 0.9 ]
        },
        "thirdperson_lefthand": {
            "rotation": [ -90, 0, 30 ],
            "translation": [ 2, 0.1, -3 ],
            "scale": [ 0.9, 0.9, 0.9 ]
        },
        "firstperson_righthand": {
            "rotation": [ -90, 0, -55 ],
            "translation": [ 1.13, 3.2, 1.13],
            "scale": [ 0.68, 0.68, 0.68 ]
        },
        "firstperson_lefthand": {
            "rotation": [ -90, 0, 35 ],
            "translation": [ 1.13, 3.2, 1.13],
            "scale": [ 0.68, 0.68, 0.68 ]
        }
    },
    "overrides": [
        {
            "predicate": {
                "pulling": 1
            },
            "model": "item/crossbow_pulling_0"
        },
        {
            "predicate": {
                "pulling": 1,
                "pull": 0.58
            },
            "model": "item/crossbow_pulling_1"
        },
        {
            "predicate": {
                "pulling": 1,
                "pull": 1.0
            },
            "model": "item/crossbow_pulling_2"
        },
        {
            "predicate": {
                "charged": 1
            },
            "model": "item/crossbow_arrow"
        },
        {
            "predicate": {
                "charged": 1,
                "firework": 1
            },
            "model": "item/crossbow_firework"
        },
		{ "predicate": { "custom_model_data":88888}, "model": "item/models/12ga_pump_shotgun" },
		{ "predicate": { "custom_model_data":88889}, "model": "item/models/p90_asiimov"},
		{ "predicate": { "custom_model_data":88890}, "model": "item/models/m1garand"},
		{ "predicate": { "custom_model_data":88891}, "model": "item/models/flare"},
		{ "predicate": { "custom_model_data":88892}, "model": "item/models/awp_asiimov"},
		{ "predicate": { "custom_model_data":88894}, "model": "item/models/308_hunting_rifle"},
		{ "predicate": { "custom_model_data":88895}, "model": "item/models/ak_47"},
		{ "predicate": { "custom_model_data":88896}, "model": "item/models/ar_15"},
		{ "predicate": { "custom_model_data":88897}, "model": "item/models/ssg08_slashed"},
		{ "predicate": { "custom_model_data":88898}, "model": "item/models/splash"},
		{ "predicate": { "custom_model_data":88899}, "model": "item/models/sg553_ultraviolet"},
		{ "predicate": { "custom_model_data":88900}, "model": "item/models/glock_fade_bow"},
		{ "predicate": { "custom_model_data":88901}, "model": "item/models/m4a4_asiimov"},
		{ "predicate": { "custom_model_data":88902}, "model": "item/models/enlarger"},
		{ "predicate": { "custom_model_data":88903}, "model": "item/models/shrinker"},
		{ "predicate": { "custom_model_data":88904}, "model": "item/models/fireballbow"},
		{ "predicate": { "custom_model_data":88905}, "model": "item/models/44_magnum"},
		{ "predicate": { "custom_model_data":88906}, "model": "item/models/paintballred"},
		{ "predicate": { "custom_model_data":88907}, "model": "item/models/paintballblue"},
		{ "predicate": { "custom_model_data":88908}, "model": "item/models/rpg"},
		{ "predicate": { "custom_model_data":88909}, "model": "item/models/temp/pistol"},
		{ "predicate": { "custom_model_data":88910}, "model": "item/models/temp/02_ump45"},
		{ "predicate": { "custom_model_data":88911}, "model": "item/models/temp/12_uzi"},
		{ "predicate": { "custom_model_data":88912}, "model": "item/models/temp/13_pp2000"},
		{ "predicate": { "custom_model_data":88913}, "model": "item/models/temp/15_acr"},
		{ "predicate": { "custom_model_data":88914}, "model": "item/models/temp/23_scar"},
		{ "predicate": { "custom_model_data":88915}, "model": "item/models/temp/lmg_m249"},
		{ "predicate": { "custom_model_data":88916}, "model": "item/models/temp/lmg_mg42"},
		{ "predicate": { "custom_model_data":88917}, "model": "item/models/temp/smg_mp5"},		
		{ "predicate": { "custom_model_data":88918}, "model": "item/models/laser"},		
		{ "predicate": { "custom_model_data":88920}, "model": "item/models/rpgloaded"},		
		{ "predicate": { "custom_model_data":88922}, "model": "item/models/ssg08_slashed_s"},
		{ "predicate": { "custom_model_data":88923}, "model": "item/tommy_gun_s"},
		{ "predicate": { "custom_model_data":88924}, "model": "item/models/p90_asiimov_s"},
		{ "predicate": { "custom_model_data":88925}, "model": "item/models/m1garand_s"},
		{ "predicate": { "custom_model_data":88926}, "model": "item/models/awp_asiimov_s"},
		{ "predicate": { "custom_model_data":88927}, "model": "item/models/glock_fade_bow_s"},
		{ "predicate": { "custom_model_data":88928}, "model": "item/models/ar_15_s"},
		{ "predicate": { "custom_model_data":88929}, "model": "item/models/44_magnum_s"},
		{ "predicate": { "custom_model_data":88930}, "model": "item/models/splash_s"},
		{ "predicate": { "custom_model_data":88931}, "model": "item/models/m4a4_asiimov_s"},
		{ "predicate": { "custom_model_data":88932}, "model": "item/models/308_hunting_rifle_s"},
		{ "predicate": { "custom_model_data":88933}, "model": "item/models/ak_47_s"},
		{ "predicate": { "custom_model_data":88934}, "model": "item/models/308_hunting_rifle_l"},
		{ "predicate": { "custom_model_data":88935}, "model": "item/models/awp_asiimov_l"},
		{ "predicate": { "custom_model_data":88936}, "model": "item/models/ssg08_slashed_l"},
		{ "predicate": { "custom_model_data":88940}, "model": "item/models/dragonsniper"},
		{ "predicate": { "custom_model_data":88941}, "model": "item/models/m32"},
		{ "predicate": { "custom_model_data":88942}, "model": "item/models/rapidflare"},
		{ "predicate": { "custom_model_data":88943}, "model": "item/models/autosniper"},
		{ "predicate": { "custom_model_data":88944}, "model": "item/models/longarmtac"},
		{ "predicate": { "custom_model_data":88945}, "model": "item/models/dragondrum"},
		{ "predicate": { "custom_model_data":88946}, "model": "item/models/quadlauncher"},
		{ "predicate": { "custom_model_data":88947}, "model": "item/models/tacshotgun"},
		{ "predicate": { "custom_model_data":88948}, "model": "item/models/lasersight"},
		{ "predicate": { "custom_model_data":88949}, "model": "item/models/scopedrevolver"},
		{ "predicate": { "custom_model_data":170001}, "model": "ggunz/item/gun_0" },
		{ "predicate": { "custom_model_data":170002}, "model": "ggunz/item/gun_1" },
		{ "predicate": { "custom_model_data":170003}, "model": "ggunz/item/gun_2" },
		{ "predicate": { "custom_model_data":170004}, "model": "ggunz/item/gun_3" },
		{ "predicate": { "custom_model_data": 444444}, "model": "item/tommy_gun"},
		{ "predicate": { "custom_model_data": 666668}, "model": "item/minigunbow"},
		{ "predicate": { "custom_model_data": 666669}, "model": "item/minigunbowrot"}
    ]
}
